{"status": "ok", "order": [0, 0, 1], "seasonal_order": [0, 1, 1, 12], "aic": 1665.740835183816, "n_obs": 180, "forecast_6mo": [224.66658897454988, 62.317521699343835, 199.94565228948295, 402.91607633700704, 412.63260657912383, 358.54374930310934], "ci_80_lower": [183.04457503127895, 19.221915950220385, 156.85004654035953, 359.8204705878836, 369.5370008300004, 315.4481435539859], "ci_80_upper": [266.2886029178208, 105.41312744846729, 243.04125803860637, 446.01168208613046, 455.72821232824725, 401.63935505223276], "ci_95_lower": [161.0112117848164, 0.0, 134.03661091249774, 337.0070349600218, 346.7235652021386, 292.6347079261241], "ci_95_upper": [288.32196616428337, 128.22656307632906, 265.85469366646817, 468.82511771399226, 478.54164795610905, 424.45279068009455], "member_no": "KTD-66474", "factory": "RKR-01", "n_seasons": 15, "series_length": 180}