{"status": "ok", "order": [0, 0, 1], "seasonal_order": [2, 0, 0, 12], "aic": 689.0861218543254, "n_obs": 60, "forecast_6mo": [317.37720838776903, 96.74955114048457, 274.44272544391987, 473.54817394510917, 418.5718049509825, 417.91155114224466], "ci_80_lower": [240.8213045367013, 20.138164895133627, 197.8313391985689, 396.9367876997582, 341.9604187056315, 341.3001648968937], "ci_80_upper": [393.93311223883677, 173.3609373858355, 351.0541116892708, 550.1595601904601, 495.18319119633344, 494.5229373875956], "ci_95_lower": [200.29505704394774, 0.0, 157.27572110042635, 356.3811696016156, 301.40480060748894, 300.7445467987511], "ci_95_upper": [434.4593597315903, 213.91655548397807, 391.60972978741336, 590.7151782886027, 535.738809294476, 535.0785554857382], "member_no": "KTD-44770", "factory": "RKR-01", "n_seasons": 5, "series_length": 60}