{"status": "ok", "order": [0, 0, 1], "seasonal_order": [2, 1, 1, 12], "aic": 1697.1801348818408, "n_obs": 180, "forecast_6mo": [290.9224278940633, 65.31166977626657, 244.2926154207436, 460.00176919639955, 461.3843333549405, 430.5953588747931], "ci_80_lower": [246.54041263998494, 19.267170854247425, 198.24811649872447, 413.95727027438045, 415.3398344329214, 384.550859952774], "ci_80_upper": [335.3044431481416, 111.35616869828571, 290.33711434276273, 506.04626811841865, 507.4288322769596, 476.6398577968122], "ci_95_lower": [223.04599295534481, 0.0, 173.87363112103608, 389.58278489669203, 390.965349055233, 360.17637457508556], "ci_95_upper": [358.79886283278177, 135.73065407597414, 314.7115997204511, 530.4207534961071, 531.803317654648, 501.0143431745006], "member_no": "KTD-87828", "factory": "RKR-01", "n_seasons": 15, "series_length": 180}