{"status": "ok", "order": [0, 0, 0], "seasonal_order": [0, 1, 1, 12], "aic": 1923.9015927531486, "n_obs": 180, "forecast_6mo": [509.35241074783096, 138.1007399000086, 444.1430590668704, 892.4292544824019, 917.5220118781907, 788.1465754870769], "ci_80_lower": [419.7266388354876, 48.474967987665224, 354.517287154527, 802.8034825700586, 827.8962399658474, 698.5208035747336], "ci_80_upper": [598.9781826601743, 227.72651181235196, 533.7688309792138, 982.0550263947453, 1007.147783790534, 877.7723473994203], "ci_95_lower": [372.2816211224866, 1.0299502746642872, 307.07226944152615, 755.3584648570576, 780.4512222528464, 651.0757858617326], "ci_95_upper": [646.4232003731753, 275.17152952535287, 581.2138486922147, 1029.5000441077461, 1054.592801503535, 925.2173651124212], "member_no": "KTD-39998", "factory": "RKR-01", "n_seasons": 15, "series_length": 180}