{"status": "ok", "order": [0, 0, 0], "seasonal_order": [2, 1, 0, 12], "aic": 1560.3843458886479, "n_obs": 180, "forecast_6mo": [186.82640062356717, 42.06505717444662, 163.21660814388625, 300.93304127513176, 280.9554890964048, 267.37519611059236], "ci_80_lower": [155.7429011919908, 10.98155774287024, 132.13310871230988, 269.84954184355536, 249.87198966482842, 236.29169667901598], "ci_80_upper": [217.90990005514354, 73.148556606023, 194.30010757546262, 332.01654070670816, 312.0389885279812, 298.45869554216875], "ci_95_lower": [139.28829054098796, 0.0, 115.67849806130702, 253.39493119255252, 233.41737901382555, 219.83708602801312], "ci_95_upper": [234.36451070614638, 89.60316725702585, 210.75471822646546, 348.471151357711, 328.493599178984, 314.9133061931716], "member_no": "KTD-71301", "factory": "RKR-01", "n_seasons": 15, "series_length": 180}