{"status": "ok", "order": [0, 0, 0], "seasonal_order": [0, 1, 1, 12], "aic": 1710.5596671322696, "n_obs": 180, "forecast_6mo": [329.35233349556677, 77.64470222438617, 272.5642941019313, 505.72952716662587, 502.5790277404779, 462.23029687980477], "ci_80_lower": [281.60902825126834, 29.901396980087732, 224.82098885763287, 457.98622192232745, 454.83572249617947, 414.48699163550634], "ci_80_upper": [377.0956387398652, 125.3880074686846, 320.3075993462297, 553.4728324109243, 550.3223329847764, 509.9736021241032], "ci_95_lower": [256.3352491288038, 4.627617857623221, 199.54720973516834, 432.7124427998629, 429.56194337371494, 389.2132125130418], "ci_95_upper": [402.3694178623297, 150.6617865911491, 345.58137846869425, 578.7466115333888, 575.5961121072409, 535.2473812465677], "member_no": "KTD-16857", "factory": "RKR-01", "n_seasons": 15, "series_length": 180}