{"status": "ok", "order": [0, 0, 1], "seasonal_order": [2, 1, 0, 12], "aic": 1676.188019690931, "n_obs": 180, "forecast_6mo": [197.22141436419076, 50.646656400070825, 190.45399834257802, 395.05621847225694, 400.9430709220504, 347.3518966277753], "ci_80_lower": [153.58927776127393, 6.611167235563812, 146.41850917807102, 351.02072930774995, 356.9075817575434, 303.31640746326764], "ci_80_upper": [240.8535509671076, 94.68214556457784, 234.48948750708502, 439.09170763676394, 444.9785600865574, 391.387385792283], "ci_95_lower": [130.49181985590593, 0.0, 123.10752932448538, 327.7097494541643, 333.5966019039578, 280.0054276096817], "ci_95_upper": [263.9510088724756, 117.99312541816346, 257.80046736067067, 462.4026874903496, 468.2895399401431, 414.69836564586893], "member_no": "KTD-67887", "factory": "RKR-01", "n_seasons": 15, "series_length": 180}