{"status": "ok", "order": [0, 0, 1], "seasonal_order": [0, 1, 1, 12], "aic": 1896.4835008033278, "n_obs": 180, "forecast_6mo": [450.20930804243005, 136.47013277012636, 438.24762361913713, 803.176426596063, 797.898717246413, 707.9132820683409], "ci_80_lower": [367.96040863396365, 52.9026552827047, 354.6801461317162, 719.608949108642, 714.3312397589921, 624.34580458092], "ci_80_upper": [532.4582074508965, 220.037610257548, 521.8151011065581, 886.743904083484, 881.4661947338338, 791.4807595557618], "ci_95_lower": [324.4204713363961, 8.664704913928205, 310.44219576294006, 675.370998739866, 670.0932893902159, 580.1078542121438], "ci_95_upper": [575.998144748464, 264.2755606263245, 566.0530514753342, 930.9818544522601, 925.70414510261, 835.718709924538], "member_no": "KTD-46351", "factory": "RKR-01", "n_seasons": 15, "series_length": 180}