{"status": "ok", "order": [1, 1, 0], "seasonal_order": [1, 0, 1, 12], "aic": 2411.1198688454406, "n_obs": 180, "forecast_6mo": [863.8637463382191, 195.4151564098379, 739.087456632044, 1483.9372594890735, 1420.9244714950523, 1337.4613292887288], "ci_80_lower": [636.6690326330954, 0.0, 420.96332392618575, 1127.650437757824, 1028.1106731146833, 911.9808432818961], "ci_80_upper": [1091.0584600433428, 462.13732944285385, 1057.2115893379023, 1840.2240812203231, 1813.7382698754213, 1762.9418152955616], "ci_95_lower": [516.399416137271, 0.0, 252.5585806351121, 939.0435872139803, 820.1676091453669, 686.7450794563547], "ci_95_upper": [1211.3280765391673, 603.3315189487266, 1225.616332628976, 2028.8309317641667, 2021.6813338447378, 1988.177579121103], "member_no": "KTD-11258", "factory": "RKR-01", "n_seasons": 15, "series_length": 180}