{"status": "ok", "order": [0, 0, 1], "seasonal_order": [1, 0, 0, 12], "aic": 1813.6756353501612, "n_obs": 156, "forecast_6mo": [375.9256033502211, 127.32196854409732, 364.5305641472727, 622.6503641007087, 677.5537905005115, 547.8490516231248], "ci_80_lower": [285.2889311037478, 35.95855377166693, 273.1671493748423, 531.2869493282783, 586.1903757280811, 456.4856368506944], "ci_80_upper": [466.56227559669435, 218.6853833165277, 455.89397891970304, 714.013778873139, 768.9172052729418, 639.2124663955551], "ci_95_lower": [237.30877507912624, 0.0, 224.8022790958146, 482.92207904925056, 537.8255054490534, 408.12076657166665], "ci_95_upper": [514.5424316213159, 267.0502535955554, 504.2588491987308, 762.3786491521668, 817.2820755519696, 687.5773366745829], "member_no": "KTD-36080", "factory": "RKR-01", "n_seasons": 13, "series_length": 156}