{"status": "ok", "order": [0, 0, 2], "seasonal_order": [2, 1, 0, 12], "aic": 1707.8258389256914, "n_obs": 180, "forecast_6mo": [258.1470381607418, 73.14560592719104, 235.96746320094778, 418.12832928173134, 410.8924464928489, 360.32448359658656], "ci_80_lower": [210.7040395925235, 25.677173443480854, 187.31892587062825, 369.4797919514118, 362.24390916252935, 311.67594626626703], "ci_80_upper": [305.59003672896006, 120.61403841090123, 284.61600053126733, 466.77686661205087, 459.5409838231684, 408.9730209269061], "ci_95_lower": [185.58923322155607, 0.5489031709449819, 161.56594582816882, 343.7268119089524, 336.49092912006995, 285.92296622380763], "ci_95_upper": [330.7048430999275, 145.7423086834371, 310.36898057372673, 492.52984665451027, 485.2939638656278, 434.7260009693655], "member_no": "KTD-91659", "factory": "RKR-01", "n_seasons": 15, "series_length": 180}