{"status": "ok", "order": [0, 0, 0], "seasonal_order": [0, 1, 1, 12], "aic": 1945.152142469657, "n_obs": 180, "forecast_6mo": [630.4324321652658, 177.31508359751814, 521.5298696426938, 979.2660300221545, 984.434216449282, 873.9756482415441], "ci_80_lower": [533.0618729940868, 79.94452442633914, 424.1593104715148, 881.8954708509755, 887.0636572781029, 776.6050890703651], "ci_80_upper": [727.8029913364448, 274.6856427686971, 618.9004288138728, 1076.6365891933335, 1081.804775620461, 971.3462074127232], "ci_95_lower": [481.5170125590811, 28.399663991333426, 372.6144500365091, 830.3506104159698, 835.5187968430972, 725.0602286353594], "ci_95_upper": [779.3478517714506, 326.2305032037028, 670.4452892488786, 1128.1814496283391, 1133.3496360554666, 1022.8910678477289], "member_no": "KTD-85325", "factory": "RKR-01", "n_seasons": 15, "series_length": 180}