{"status": "ok", "order": [0, 0, 1], "seasonal_order": [2, 1, 0, 12], "aic": 1735.4114600097582, "n_obs": 180, "forecast_6mo": [322.36256575654164, 96.93644200990758, 323.80309456899806, 526.5536621246118, 538.5639044159645, 482.7138720003468], "ci_80_lower": [270.42128114944916, 44.58659865945877, 271.45325121854927, 474.20381877416304, 486.21406106551575, 430.364028649898], "ci_80_upper": [374.3038503636341, 149.28628536035637, 376.15293791944686, 578.9035054750607, 590.9137477664134, 535.0637153507956], "ci_95_lower": [242.92522598989376, 16.874265565535325, 243.7409181246258, 446.4914856802396, 458.5017279715923, 402.6516955559745], "ci_95_upper": [401.7999055231895, 176.99861845427984, 403.8652710133703, 606.6158385689841, 618.6260808603367, 562.776048444719], "member_no": "KTD-78874", "factory": "RKR-01", "n_seasons": 15, "series_length": 180}