{"status": "ok", "order": [0, 0, 2], "seasonal_order": [0, 1, 1, 12], "aic": 955.4210727838838, "n_obs": 96, "forecast_6mo": [481.60222835154747, 133.65825106692887, 460.72125310565394, 845.6354461264054, 831.0096824051426, 730.5332451054801], "ci_80_lower": [401.6853903543287, 53.1492628953057, 378.9202664763653, 763.8344594970977, 749.208695775823, 648.7322584761605], "ci_80_upper": [561.5190663487662, 214.16723923855204, 542.5222397349426, 927.4364327557132, 912.8106690344622, 812.3342317347997], "ci_95_lower": [359.37997179622226, 10.53037896988441, 335.61743988131707, 720.5316329020392, 705.9058691807584, 605.4294318810959], "ci_95_upper": [603.8244849068727, 256.78612316397334, 585.8250663299908, 970.7392593507717, 956.1134956295268, 855.6370583298643], "member_no": "KTD-10916", "factory": "RKR-01", "n_seasons": 8, "series_length": 96}