{"status": "ok", "order": [1, 0, 0], "seasonal_order": [2, 1, 1, 12], "aic": 1171.0035235567138, "n_obs": 132, "forecast_6mo": [229.72409656415363, 49.459963637996985, 185.36205403458058, 375.29000144346395, 371.5295877104366, 323.16576411654967], "ci_80_lower": [194.55439093855873, 13.216748396135287, 149.05295780326338, 338.97680156489054, 335.2161319894537, 286.85229244442354], "ci_80_upper": [264.8938021897485, 85.70317887985868, 221.67115026589778, 411.60320132203736, 407.8430434314195, 359.4792357886758], "ci_95_lower": [175.93667339187647, 0.0, 129.83208330387566, 319.7537547258665, 315.99294971563904, 267.6291017265838], "ci_95_upper": [283.5115197364308, 104.889178090086, 240.8920247652855, 430.8262481610614, 427.06622570523416, 378.7024265065155], "member_no": "KTD-19823", "factory": "RKR-01", "n_seasons": 11, "series_length": 132}