{"status": "ok", "order": [0, 0, 1], "seasonal_order": [0, 1, 1, 12], "aic": 1905.0313179618913, "n_obs": 180, "forecast_6mo": [491.09917558496386, 114.50408578406291, 433.99305791275196, 900.1143868792636, 884.5265738763195, 809.7327119252138], "ci_80_lower": [407.0338223999448, 29.06447986462581, 348.5534519933179, 814.6747809598296, 799.0869679568855, 724.2931060057798], "ci_80_upper": [575.1645287699829, 199.9436917035, 519.432663832186, 985.5539927986977, 969.9661797957535, 895.1723178446479], "ci_95_lower": [362.5323125572875, 0.0, 303.32445669714355, 769.4457856636552, 753.8579726607111, 679.0641107096054], "ci_95_upper": [619.6660386126402, 245.17268699967593, 564.6616591283604, 1030.782988094872, 1015.1951750919279, 940.4013131408223], "member_no": "KTD-73400", "factory": "RKR-01", "n_seasons": 15, "series_length": 180}