{"status": "ok", "order": [0, 0, 0], "seasonal_order": [0, 1, 1, 12], "aic": 607.7109885165095, "n_obs": 72, "forecast_6mo": [284.4001147258376, 67.41790688851226, 254.91618229848817, 463.7966112481544, 447.3963974623501, 401.5062228878041], "ci_80_lower": [239.8827196110421, 22.900511773716723, 210.39878718369263, 419.2792161333589, 402.87900234755455, 356.98882777300855], "ci_80_upper": [328.91750984063316, 111.93530200330781, 299.43357741328373, 508.31400636294995, 491.9137925771456, 446.0236180025996], "ci_95_lower": [216.31663415714095, 0.0, 186.8327017297915, 395.7131306794578, 379.31291689365344, 333.42274231910744], "ci_95_upper": [352.4835952945343, 135.50138745720892, 322.99966286718484, 531.8800918168511, 515.4798780310467, 469.58970345650073], "member_no": "KTD-11597", "factory": "RKR-01", "n_seasons": 6, "series_length": 72}