{"status": "ok", "order": [0, 0, 1], "seasonal_order": [1, 0, 0, 12], "aic": 2325.1148499885403, "n_obs": 180, "forecast_6mo": [723.8485528088254, 224.17847154964383, 684.5987131176751, 1209.8840141300338, 1113.9436303920318, 992.2631436999316], "ci_80_lower": [543.3115019389419, 43.63934589526818, 504.0595874632994, 1029.344888475658, 933.4045047376561, 811.7240180455559], "ci_80_upper": [904.3856036787089, 404.7175972040195, 865.1378387720507, 1390.4231397844096, 1294.4827560464073, 1172.802269354307], "ci_95_lower": [447.74096018949996, 0.0, 408.4879473892921, 933.7732484016509, 837.8328646636488, 716.1523779715486], "ci_95_upper": [999.9561454281509, 500.2892372780268, 960.709478846058, 1485.9947798584167, 1390.0543961204148, 1268.3739094283146], "member_no": "KTD-26023", "factory": "RKR-01", "n_seasons": 15, "series_length": 180}