{"status": "ok", "order": [3, 0, 0], "seasonal_order": [2, 1, 1, 12], "aic": 1683.5967105449035, "n_obs": 168, "forecast_6mo": [370.57379777659935, 100.71368178592624, 308.52682081047755, 596.5135071263215, 566.3307460457568, 513.122091301457], "ci_80_lower": [309.85554036252665, 38.84353546799078, 246.46962828670482, 534.4016034636743, 504.185169703087, 450.97579754928927], "ci_80_upper": [431.29205519067204, 162.5838281038617, 370.58401333425024, 658.6254107889688, 628.4763223884265, 575.2683850536247], "ci_95_lower": [277.7132364576775, 6.091458411055143, 213.61853494952138, 501.5215477990529, 471.2872887984033, 418.0775368709577], "ci_95_upper": [463.4343590955212, 195.33590516079732, 403.4351066714337, 691.5054664535902, 661.3742032931102, 608.1666457319562], "member_no": "KTD-45747", "factory": "RKR-01", "n_seasons": 14, "series_length": 168}