{"status": "ok", "order": [0, 0, 0], "seasonal_order": [0, 1, 2, 12], "aic": 1449.1055258278993, "n_obs": 180, "forecast_6mo": [128.55288918627153, 28.915657260959534, 109.74604630367759, 227.59437062652924, 218.5748370205726, 204.6259107727478], "ci_80_lower": [106.64479246286166, 7.007560537549665, 87.83794958026772, 205.68627390311937, 196.66674029716273, 182.71781404933793], "ci_80_upper": [150.4609859096814, 50.823753984369404, 131.65414302708746, 249.5024673499391, 240.48293374398247, 226.53400749615767], "ci_95_lower": [95.0473466063628, 0.0, 76.24050372376885, 194.0888280466205, 185.06929444066387, 171.12036819283907], "ci_95_upper": [162.05843176618026, 62.421199840868276, 143.25158888358632, 261.099913206438, 252.08037960048134, 238.13145335265654], "member_no": "KTD-26252", "factory": "RKR-01", "n_seasons": 15, "series_length": 180}