{"status": "ok", "order": [0, 0, 0], "seasonal_order": [0, 1, 1, 12], "aic": 2026.820579370045, "n_obs": 180, "forecast_6mo": [786.4257724736577, 225.65719425988996, 694.4997478097896, 1322.0841997360099, 1211.929370711118, 1159.8219097268911], "ci_80_lower": [661.9700951292605, 101.2015169154927, 570.0440704653923, 1197.6285223916125, 1087.473693366721, 1035.3662323824938], "ci_80_upper": [910.881449818055, 350.1128716042872, 818.9554251541869, 1446.5398770804072, 1336.3850480555152, 1284.2775870712885], "ci_95_lower": [596.0872392263453, 35.318661012577536, 504.1612145624772, 1131.7456664886975, 1021.5908374638057, 969.4833764795787], "ci_95_upper": [976.7643057209701, 415.9957275072024, 884.838281057102, 1512.4227329833222, 1402.2679039584305, 1350.1604429742035], "member_no": "KTD-74611", "factory": "RKR-01", "n_seasons": 15, "series_length": 180}