{"status": "ok", "order": [0, 0, 1], "seasonal_order": [1, 0, 0, 12], "aic": 2225.027935992926, "n_obs": 180, "forecast_6mo": [557.471054582151, 153.1283601558325, 506.267591951642, 792.9324409631168, 900.7518036247267, 837.0274309698437], "ci_80_lower": [420.70910071503795, 11.190230379629782, 364.3294621754393, 650.9943111869142, 758.813673848524, 695.0893011936411], "ci_80_upper": [694.2330084492642, 295.0664899320352, 648.2057217278447, 934.8705707393195, 1042.6899334009295, 978.9655607460464], "ci_95_lower": [348.3116955352431, 0.0, 289.19195498645274, 575.8568039979276, 683.6761666595374, 619.9517940046545], "ci_95_upper": [766.630413629059, 370.2039971210217, 723.3432289168312, 1010.0080779283061, 1117.8274405899158, 1054.1030679350329], "member_no": "KTD-63800", "factory": "RKR-01", "n_seasons": 15, "series_length": 180}