{"status": "ok", "order": [0, 0, 0], "seasonal_order": [0, 1, 1, 12], "aic": 1893.402521822898, "n_obs": 180, "forecast_6mo": [471.3925944360372, 121.87436888950938, 409.39760388980915, 835.1699976553888, 804.9473733716169, 717.3972958565741], "ci_80_lower": [389.8963052755707, 40.37807972904288, 327.90131472934263, 753.6737084949223, 723.4510842111504, 635.9010066961076], "ci_80_upper": [552.8888835965037, 203.37065804997587, 490.89389305027566, 916.6662868158553, 886.4436625320834, 798.8935850170407], "ci_95_lower": [346.754775777294, 0.0, 284.75978523106596, 710.5321789966456, 680.3095547128737, 592.759477197831], "ci_95_upper": [596.0304130947804, 246.5121875482526, 534.0354225485523, 959.807816314132, 929.5851920303601, 842.0351145153173], "member_no": "KTD-36683", "factory": "RKR-01", "n_seasons": 15, "series_length": 180}