{"status": "ok", "order": [0, 0, 1], "seasonal_order": [2, 1, 0, 12], "aic": 1851.5497098166466, "n_obs": 180, "forecast_6mo": [380.3509354000994, 109.12013973976237, 351.9039956403352, 685.1100440307182, 737.693185719359, 610.5979709840735], "ci_80_lower": [306.5784672240396, 34.575973496494356, 277.3598293970672, 610.5658777874502, 663.1490194760911, 536.0538047408056], "ci_80_upper": [454.12340357615915, 183.66430598303037, 426.44816188360323, 759.6542102739862, 812.2373519626269, 685.1421372273414], "ci_95_lower": [267.5256815725175, 0.0, 237.89853146513104, 571.104579855514, 623.687721544155, 496.5925068088695], "ci_95_upper": [493.1761892276813, 223.12560391496652, 465.9094598155394, 799.1155082059224, 851.698649894563, 724.6034351592775], "member_no": "KTD-22302", "factory": "RKR-01", "n_seasons": 15, "series_length": 180}