{"status": "ok", "order": [1, 0, 0], "seasonal_order": [0, 1, 1, 12], "aic": 1479.0428917479562, "n_obs": 180, "forecast_6mo": [130.8202424116213, 38.98476136320251, 122.61991590761058, 247.16992893400743, 238.63184924260014, 220.64409711102243], "ci_80_lower": [106.83984341600825, 14.737934452721444, 98.36716898054662, 222.91704973809604, 214.37896709109188, 196.39121489347008], "ci_80_upper": [154.80064140723437, 63.23158827368357, 146.87266283467454, 271.42280812991885, 262.88473139410837, 244.8969793285748], "ci_95_lower": [94.14538700201558, 1.9024396200860494, 85.5285402804349, 210.078351019086, 201.54026680748336, 183.55251457489993], "ci_95_upper": [167.49509782122703, 76.06708310631896, 159.71129153478626, 284.2615068489289, 275.7234316777169, 257.73567964714493], "member_no": "KTD-49806", "factory": "RKR-01", "n_seasons": 15, "series_length": 180}