{"status": "ok", "order": [0, 0, 1], "seasonal_order": [0, 1, 1, 12], "aic": 1956.8725219999403, "n_obs": 180, "forecast_6mo": [649.0959059765535, 187.80898591370672, 541.5842273964496, 1114.4767235694549, 1095.7213984677671, 942.9774448844787], "ci_80_lower": [550.228332904353, 88.25210827296185, 442.027349755705, 1014.9198459287103, 996.1645208270226, 843.4205672437341], "ci_80_upper": [747.9634790487539, 287.3658635544516, 641.1411050371942, 1214.0336012101993, 1195.2782761085118, 1042.5343225252232], "ci_95_lower": [497.89100117972725, 35.54988075144149, 389.32512223418485, 962.2176184071901, 943.4622933055024, 790.718339722214], "ci_95_upper": [800.3008107733797, 340.06809107597195, 693.8433325587143, 1266.7358287317197, 1247.980503630032, 1095.2365500467436], "member_no": "KTD-83388", "factory": "RKR-01", "n_seasons": 15, "series_length": 180}