{"status": "ok", "order": [0, 0, 1], "seasonal_order": [2, 1, 0, 12], "aic": 1303.9827966286261, "n_obs": 168, "forecast_6mo": [115.5920896111944, 30.750708444381292, 89.11909449645499, 179.8966559104855, 187.18528795288452, 169.78676133374645], "ci_80_lower": [96.2495069355631, 11.199801677579078, 69.56818772965278, 160.3457491436833, 167.6343811860823, 150.23585456694417], "ci_80_upper": [134.93467228682567, 50.3016152111835, 108.6700012632572, 199.4475626772877, 206.73619471968675, 189.33766810054874], "ci_95_lower": [86.01016217925732, 0.85017680892663, 59.21856286100033, 149.99612427503084, 157.28475631742987, 139.8862296982917], "ci_95_upper": [145.17401704313147, 60.65124007983596, 119.01962613190966, 209.79718754594015, 217.08581958833918, 199.68729296920122], "member_no": "KTD-54962", "factory": "RKR-01", "n_seasons": 14, "series_length": 168}