{"status": "ok", "order": [0, 0, 1], "seasonal_order": [2, 1, 0, 12], "aic": 1711.2164324769208, "n_obs": 180, "forecast_6mo": [280.2381919262401, 51.55884411440578, 238.36775490850596, 467.88496534249987, 422.3478381014934, 382.63080155621753], "ci_80_lower": [231.57571582094326, 2.2907550995254695, 189.09966589362563, 418.61687632761954, 373.07974908661294, 333.3627125413373], "ci_80_upper": [328.90066803153695, 100.82693312928609, 287.6358439233863, 517.1530543573801, 471.6159271163738, 431.89889057109775], "ci_95_lower": [205.81535703672705, 0.0, 163.01871500058485, 392.53592543457876, 346.9987981935721, 307.28176164829654], "ci_95_upper": [354.6610268157532, 126.9078840223269, 313.71679481642707, 543.234005250421, 497.69687800941466, 457.97984146413853], "member_no": "KTD-43903", "factory": "RKR-01", "n_seasons": 15, "series_length": 180}