{"status": "ok", "order": [0, 0, 0], "seasonal_order": [1, 1, 2, 12], "aic": 1726.1142262089481, "n_obs": 180, "forecast_6mo": [336.97843808474227, 93.54361624945189, 304.7440601112698, 542.354398747218, 508.68848091057595, 476.2251562461489], "ci_80_lower": [287.60392664227356, 44.1691048069832, 255.36954866880114, 492.97988730474935, 459.31396946810725, 426.8506448036802], "ci_80_upper": [386.35294952721097, 142.91812769192057, 354.11857155373843, 591.7289101896868, 558.0629923530446, 525.5996676886176], "ci_95_lower": [261.4666391191066, 18.031817283816295, 229.23226114563425, 466.84259978158246, 433.17668194494036, 400.7133572805134], "ci_95_upper": [412.4902370503779, 169.05541521508746, 380.2558590769053, 617.8661977128536, 584.2002798762115, 551.7369552117844], "member_no": "KTD-19674", "factory": "RKR-01", "n_seasons": 15, "series_length": 180}