{"status": "ok", "order": [0, 0, 3], "seasonal_order": [0, 1, 1, 12], "aic": 1899.3837850033187, "n_obs": 180, "forecast_6mo": [497.2403588052168, 143.64421159045966, 438.71394159581047, 808.4812636337685, 752.4625258131005, 706.5745309611076], "ci_80_lower": [414.9790370198719, 60.802159453971214, 354.4477065407033, 723.6933258197331, 667.674587999065, 621.786593147073], "ci_80_upper": [579.5016805905616, 226.4862637269481, 522.9801766509177, 893.269201447804, 837.2504636271359, 791.3624687751422], "ci_95_lower": [371.43252371321165, 16.948226069262077, 309.83985625956274, 678.8093027803542, 622.7905649596862, 576.9025701076946], "ci_95_upper": [623.0481938972218, 270.34019711165723, 567.5880269320583, 938.1532244871829, 882.1344866665147, 836.2464918145206], "member_no": "KTD-51328", "factory": "RKR-01", "n_seasons": 15, "series_length": 180}