{"status": "ok", "order": [0, 0, 1], "seasonal_order": [0, 1, 1, 12], "aic": 2078.2469657538863, "n_obs": 180, "forecast_6mo": [1033.78498466598, 321.332618120922, 876.1674758724555, 1575.1668565686275, 1482.0751611988792, 1389.5181443440235], "ci_80_lower": [891.6009397346297, 178.10648032975672, 732.941338081293, 1431.940718777465, 1338.8490234077167, 1246.292006552861], "ci_80_upper": [1175.96902959733, 464.5587559120873, 1019.393613663618, 1718.39299435979, 1625.3012989900417, 1532.744282135186], "ci_95_lower": [816.333252926066, 102.2871428839089, 657.1220006354465, 1356.1213813316185, 1263.0296859618702, 1170.4726691070146], "ci_95_upper": [1251.2367164058937, 540.3780933579351, 1095.2129511094645, 1794.2123318056365, 1701.1206364358882, 1608.5636195810325], "member_no": "KTD-30075", "factory": "RKR-01", "n_seasons": 15, "series_length": 180}