{"status": "ok", "order": [2, 0, 1], "seasonal_order": [2, 1, 0, 12], "aic": 1658.3079074412474, "n_obs": 180, "forecast_6mo": [225.99641694501688, 63.23287416357114, 202.51980032396807, 388.8462626717067, 376.24357676737236, 363.24272052415415], "ci_80_lower": [185.28650924513758, 22.300673476604274, 161.35930595417693, 347.34950631257897, 334.51386532999476, 321.38063752058497], "ci_80_upper": [266.7063246448962, 104.165074850538, 243.6802946937592, 430.34301903083445, 417.97328820474996, 405.10480352772333], "ci_95_lower": [163.73598587776894, 0.6324753100700562, 139.5702564120366, 325.3824504258362, 312.4234904739638, 299.2201893902194], "ci_95_upper": [288.2568480122648, 125.83327301707223, 265.46934423589954, 452.3100749175772, 440.0636630607809, 427.2652516580889], "member_no": "KTD-59750", "factory": "RKR-01", "n_seasons": 15, "series_length": 180}