{"status": "ok", "order": [0, 0, 1], "seasonal_order": [1, 0, 0, 12], "aic": 2204.7608580846636, "n_obs": 180, "forecast_6mo": [726.5299772561372, 213.77724232706862, 647.0736444933514, 1096.4953505931428, 870.74109552402, 1047.9297293345753], "ci_80_lower": [598.3556544882911, 81.57419311114722, 514.87059527743, 964.2923013772214, 738.5380463080986, 915.7266801186539], "ci_80_upper": [854.7043000239833, 345.98029154299, 779.2766937092728, 1228.698399809064, 1002.9441447399414, 1180.1327785504968], "ci_95_lower": [530.5042666082516, 11.590126274917424, 444.8865284412002, 894.3082345409916, 668.5539794718688, 845.7426132824241], "ci_95_upper": [922.5556879040228, 415.9643583792198, 849.2607605455025, 1298.682466645294, 1072.9282115761712, 1250.1168453867265], "member_no": "KTD-49398", "factory": "RKR-01", "n_seasons": 15, "series_length": 180}