{"status": "ok", "order": [2, 0, 0], "seasonal_order": [2, 1, 1, 12], "aic": 1090.961079717713, "n_obs": 132, "forecast_6mo": [140.4987111853918, 43.41585138475412, 139.06681801514048, 282.84452181369204, 255.67233415185356, 224.38167205860955], "ci_80_lower": [114.77922614594796, 17.333522257817087, 112.78158303894338, 256.53083400429045, 229.35693743132293, 198.06517539073485], "ci_80_upper": [166.21819622483565, 69.49818051169115, 165.3520529913376, 309.1582096230936, 281.9877308723842, 250.69816872648425], "ci_95_lower": [101.16415319060283, 3.5263712451135447, 98.86702015790323, 242.60120910317985, 215.426407887306, 184.13406356976668], "ci_95_upper": [179.8332691801808, 83.30533152439469, 179.26661587237774, 323.08783452420425, 295.91826041640115, 264.6292805474524], "member_no": "KTD-75359", "factory": "RKR-01", "n_seasons": 11, "series_length": 132}