{"status": "ok", "order": [3, 0, 0], "seasonal_order": [0, 1, 1, 12], "aic": 1930.967523346447, "n_obs": 180, "forecast_6mo": [440.21837539503525, 131.2989588803822, 443.99820579577715, 891.1473858976013, 873.105569380711, 770.6201925348707], "ci_80_lower": [349.09971378934637, 35.820147170223024, 346.46162579537724, 793.5720692182332, 775.0812140755123, 672.5900485538524], "ci_80_upper": [531.3370370007241, 226.77777059054137, 541.5347857961771, 988.7227025769695, 971.1299246859097, 868.6503365158891], "ci_95_lower": [300.86440801039043, 0.0, 294.828879242182, 741.9188167058638, 723.1902548734065, 620.6960250118705], "ci_95_upper": [579.5723427796801, 277.32120041154474, 593.1675323493723, 1040.3759550893387, 1023.0208838880155, 920.544360057871], "member_no": "KTD-53893", "factory": "RKR-01", "n_seasons": 15, "series_length": 180}