{"status": "ok", "order": [0, 0, 0], "seasonal_order": [2, 1, 1, 12], "aic": 1840.5788639667285, "n_obs": 180, "forecast_6mo": [459.54813997360725, 107.81069248908986, 399.7272415102285, 729.9653278242272, 689.466645564884, 650.2332653151839], "ci_80_lower": [391.4767698863424, 39.739322401825035, 331.6558714229637, 661.8939577369624, 621.3952754776192, 582.1618952279191], "ci_80_upper": [527.619510060872, 175.88206257635468, 467.79861159749333, 798.036697911492, 757.5380156521487, 718.3046354024486], "ci_95_lower": [355.4419632606632, 3.70451577614584, 295.6210647972845, 625.8591511112832, 585.3604688519399, 546.1270886022398], "ci_95_upper": [563.6543166865513, 211.91686920203387, 503.83341822317254, 834.0715045371712, 793.572822277828, 754.3394420281279], "member_no": "KTD-71068", "factory": "RKR-01", "n_seasons": 15, "series_length": 180}