{"status": "ok", "order": [0, 0, 0], "seasonal_order": [2, 1, 0, 12], "aic": 1819.5638568612828, "n_obs": 180, "forecast_6mo": [371.6717814516042, 78.89643743335654, 310.7264848772658, 601.2761559161548, 593.6986006263603, 500.6906750590612], "ci_80_lower": [304.30414158578634, 11.528797567538689, 243.35884501144795, 533.908516050337, 526.3309607605424, 433.32303519324336], "ci_80_upper": [439.03942131742207, 146.2640772991744, 378.0941247430837, 668.6437957819727, 661.0662404921782, 568.058314924879], "ci_95_lower": [268.6418672363634, 0.0, 207.696570662025, 498.246241700914, 490.66868641111944, 397.6607608438204], "ci_95_upper": [474.701695666845, 181.92635164859735, 413.7563990925066, 704.3060701313957, 696.7285148416012, 603.720589274302], "member_no": "KTD-67226", "factory": "RKR-01", "n_seasons": 15, "series_length": 180}