{"status": "ok", "order": [0, 0, 1], "seasonal_order": [1, 0, 0, 12], "aic": 2218.3936750684506, "n_obs": 180, "forecast_6mo": [526.7024678692718, 145.99287496207853, 498.22740731334085, 914.712568840449, 905.275161884353, 860.090001306681], "ci_80_lower": [393.3374933113534, 11.95930454022519, 364.19383689148754, 780.6789984185956, 771.2415914624996, 726.0564308848276], "ci_80_upper": [660.0674424271901, 280.0264453839319, 632.2609777351942, 1048.7461392623022, 1039.3087323062064, 994.1235717285343], "ci_95_lower": [322.7383403536211, 0.0, 293.24075066288464, 709.7259121899928, 700.2885052338968, 655.1033446562247], "ci_95_upper": [730.6665953849225, 350.97953161253474, 703.2140639637971, 1119.699225490905, 1110.2618185348092, 1065.0766579571373], "member_no": "KTD-47049", "factory": "RKR-01", "n_seasons": 15, "series_length": 180}