{"status": "ok", "order": [0, 0, 0], "seasonal_order": [1, 1, 1, 12], "aic": 2159.992827368627, "n_obs": 180, "forecast_6mo": [1325.3310891646995, 404.6909547767606, 1159.963758424172, 2023.9508025020514, 1949.1922751718516, 1840.7456065375247], "ci_80_lower": [1146.0560345178244, 225.4159001298854, 980.6887037772968, 1844.6757478551763, 1769.9172205249765, 1661.4705518906496], "ci_80_upper": [1504.6061438115746, 583.9660094236358, 1339.2388130710472, 2203.2258571489265, 2128.4673298187267, 2020.0206611843998], "ci_95_lower": [1051.1535532143546, 130.51341882641566, 885.7862224738271, 1749.7732665517065, 1675.0147392215067, 1566.5680705871798], "ci_95_upper": [1599.5086251150444, 678.8684907271055, 1434.141294374517, 2298.1283384523963, 2223.3698111221966, 2114.92314248787], "member_no": "KTD-29270", "factory": "RKR-01", "n_seasons": 15, "series_length": 180}