{"status": "ok", "order": [0, 0, 1], "seasonal_order": [1, 0, 0, 12], "aic": 2366.716547790355, "n_obs": 180, "forecast_6mo": [868.3081206311017, 323.53182642685056, 812.3811670295721, 1357.952227615476, 1550.7353942872883, 1177.361580192385], "ci_80_lower": [668.259970370611, 119.0631990765207, 607.9125396792423, 1153.4836002651462, 1346.2667669369584, 972.8929528420551], "ci_80_upper": [1068.3562708915924, 528.0004537771804, 1016.8497943799019, 1562.4208549658058, 1755.204021637618, 1381.8302075427148], "ci_95_lower": [562.3608765045653, 10.824045991431888, 499.67338659415344, 1045.2444471800573, 1238.0276138518695, 864.6537997569662], "ci_95_upper": [1174.255364757638, 636.2396068622693, 1125.0889474649907, 1670.6600080508947, 1863.443174722707, 1490.0693606278037], "member_no": "KTD-87832", "factory": "RKR-01", "n_seasons": 15, "series_length": 180}