{"status": "ok", "order": [0, 0, 0], "seasonal_order": [2, 1, 0, 12], "aic": 1915.1844542525619, "n_obs": 180, "forecast_6mo": [568.8175455270045, 135.76476700849383, 503.80034612393655, 912.353519487813, 895.0174200762019, 801.9121955517875], "ci_80_lower": [480.1359064153596, 47.08312789684892, 415.1187070122916, 823.671880376168, 806.335780964557, 713.2305564401425], "ci_80_upper": [657.4991846386495, 224.44640612013876, 592.4819852355814, 1001.0351585994579, 983.6990591878468, 890.5938346634324], "ci_95_lower": [433.1906824167869, 0.13790389827616423, 368.17348301371885, 776.7266563775953, 759.3905569659843, 666.2853324415698], "ci_95_upper": [704.4444086372222, 271.39163011871153, 639.4272092341542, 1047.9803825980307, 1030.6442831864197, 937.5390586620051], "member_no": "KTD-19200", "factory": "RKR-01", "n_seasons": 15, "series_length": 180}