{"status": "ok", "order": [0, 0, 0], "seasonal_order": [0, 1, 1, 12], "aic": 1941.8207190994688, "n_obs": 180, "forecast_6mo": [583.0957455146759, 165.53361196517235, 495.8571522867867, 974.449985353513, 944.1730110029248, 838.8306257209804], "ci_80_lower": [488.6907622767961, 71.12862872729258, 401.4521690489069, 880.0450021156332, 849.768027765045, 744.4256424831005], "ci_80_upper": [677.5007287525557, 259.93859520305216, 590.2621355246665, 1068.8549685913927, 1038.5779942408046, 933.2356089588602], "ci_95_lower": [438.7157829115148, 21.153649362011322, 351.4771896836256, 830.0700227503519, 799.7930483997637, 694.4506631178193], "ci_95_upper": [727.4757081178369, 309.9135745683334, 640.2371148899477, 1118.829947956674, 1088.5529736060857, 983.2105883241414], "member_no": "KTD-98208", "factory": "RKR-01", "n_seasons": 15, "series_length": 180}