{"status": "ok", "order": [0, 0, 1], "seasonal_order": [0, 1, 1, 12], "aic": 581.2104695468943, "n_obs": 60, "forecast_6mo": [554.303081920764, 133.40903904451304, 492.7471853382506, 965.5208918075142, 915.5252126780489, 797.3627077972], "ci_80_lower": [437.0656861010812, 12.854853325669652, 372.1929996196244, 844.966706088888, 794.9710269594227, 676.8085220785738], "ci_80_upper": [671.5404777404469, 253.96322476335644, 613.3013710568767, 1086.0750775261404, 1036.079398396675, 917.9168935158261], "ci_95_lower": [375.00395762044866, 0.0, 308.3754686265228, 781.1491750957864, 731.1534959663211, 612.9909910854722], "ci_95_upper": [733.6022062210794, 317.78075575657294, 677.1189020499784, 1149.892608519242, 1099.8969293897767, 981.7344245089278], "member_no": "KTD-74632", "factory": "RKR-01", "n_seasons": 5, "series_length": 60}