{"status": "ok", "order": [2, 0, 2], "seasonal_order": [0, 1, 1, 12], "aic": 2173.5943974474403, "n_obs": 180, "forecast_6mo": [1285.641118562522, 384.75422176205916, 1140.2863211786428, 2026.0200071174231, 1904.0789824427059, 1756.618081731738], "ci_80_lower": [1099.9896679619392, 198.10578504755307, 953.6378750646838, 1838.5280496216067, 1716.5705231431737, 1568.411910690284], "ci_80_upper": [1471.2925691631049, 571.4026584765652, 1326.9347672926017, 2213.5119646132393, 2091.5874417422383, 1944.8242527731918], "ci_95_lower": [1001.7117265367465, 99.30007105398596, 854.8321560953469, 1739.275802699434, 1617.3095406937873, 1468.7815819552509], "ci_95_upper": [1569.5705105882976, 670.2083724701324, 1425.7404862619387, 2312.764211535412, 2190.8484241916244, 2044.454581508225], "member_no": "KTD-19204", "factory": "RKR-01", "n_seasons": 15, "series_length": 180}