{"status": "ok", "order": [0, 0, 1], "seasonal_order": [2, 1, 1, 12], "aic": 1475.9771105809623, "n_obs": 144, "forecast_6mo": [508.47901409798976, 136.9241094912881, 443.66366069692634, 794.7913388131218, 761.6101139109949, 699.9455763353913], "ci_80_lower": [434.17993163473943, 61.45491987286856, 368.1944710785079, 719.3221491947033, 686.1409242925764, 624.4763867169728], "ci_80_upper": [582.7780965612401, 212.39329910970764, 519.1328503153447, 870.2605284315403, 837.0793035294133, 775.4147659538097], "ci_95_lower": [394.8483732189715, 21.503944145332184, 328.2434953509721, 679.3711734671675, 646.1899485650406, 584.525410989437], "ci_95_upper": [622.1096549770081, 252.34427483724403, 559.0838260428806, 910.2115041590761, 877.0302792569491, 815.3657416813455], "member_no": "KTD-25102", "factory": "RKR-01", "n_seasons": 12, "series_length": 144}