{"status": "ok", "order": [0, 0, 0], "seasonal_order": [0, 1, 1, 12], "aic": 804.8642645256377, "n_obs": 84, "forecast_6mo": [517.241674577191, 145.1331764826655, 393.6853224867507, 836.4499714734932, 788.17854738913, 709.1495667350204], "ci_80_lower": [439.5869880158966, 67.47848992137112, 316.0306359254563, 758.7952849121988, 710.5238608278356, 631.494880173726], "ci_80_upper": [594.8963611384854, 222.78786304395987, 471.3400090480451, 914.1046580347876, 865.8332339504244, 786.8042532963148], "ci_95_lower": [398.47908009180617, 26.370581997280624, 274.92272800136584, 717.6873769881083, 669.4159529037452, 590.3869722496355], "ci_95_upper": [636.0042690625759, 263.8957709680504, 512.4479169721355, 955.212565958878, 906.9411418745149, 827.9121612204052], "member_no": "KTD-75849", "factory": "RKR-01", "n_seasons": 7, "series_length": 84}