{"status": "ok", "order": [0, 0, 1], "seasonal_order": [2, 1, 0, 12], "aic": 1766.8700248518735, "n_obs": 180, "forecast_6mo": [324.32480263150643, 95.34843044837761, 292.3413355807698, 563.677166065118, 507.3412402878939, 457.44347808671347], "ci_80_lower": [267.109840157218, 35.07118405845459, 232.06408919084677, 503.39991967519495, 447.06399389797093, 397.1662316967904], "ci_80_upper": [381.53976510579486, 155.62567683830065, 352.61858197069284, 623.9544124550409, 567.6184866778169, 517.7207244766365], "ci_95_lower": [236.82206856964135, 3.1623372877083114, 200.15524242010048, 471.49107290444863, 415.1551471272246, 365.25738492604415], "ci_95_upper": [411.8275366933715, 187.53452360904691, 384.5274287414391, 655.8632592257873, 599.5273334485632, 549.6295712473827], "member_no": "KTD-48142", "factory": "RKR-01", "n_seasons": 15, "series_length": 180}