{"status": "ok", "order": [2, 0, 2], "seasonal_order": [1, 1, 1, 12], "aic": 666.9805039104413, "n_obs": 72, "forecast_6mo": [397.1442635979499, 97.20828533565498, 315.9390070594506, 709.0887086996016, 657.204527181737, 585.6040975064919], "ci_80_lower": [334.16728147409697, 33.19111888373007, 251.49306025048747, 644.5646273239345, 592.6851298685248, 521.0417578569926], "ci_80_upper": [460.1212457218028, 161.22545178757989, 380.38495386841373, 773.6127900752688, 721.7239244949493, 650.1664371559913], "ci_95_lower": [300.8292809344772, 0.0, 217.3774367792293, 610.4076419115496, 558.5306240490227, 486.8645197378148], "ci_95_upper": [493.45924626142255, 195.1140926488075, 414.5005773396719, 807.7697754876536, 755.8784303144514, 684.3436752751691], "member_no": "KTD-85030", "factory": "RKR-01", "n_seasons": 6, "series_length": 72}