{"status": "ok", "order": [0, 0, 0], "seasonal_order": [2, 1, 0, 12], "aic": 1720.2554498665768, "n_obs": 180, "forecast_6mo": [276.14419621095476, 53.44413188679107, 247.46170657672488, 473.293625623704, 441.8961979729681, 412.0637022021874], "ci_80_lower": [225.84454131375918, 3.144476989595475, 197.16205167952927, 422.9939707265084, 391.5965430757725, 361.76404730499183], "ci_80_upper": [326.44385110815034, 103.74378678398666, 297.7613614739205, 523.5932805208996, 492.19585287016366, 462.363357099383], "ci_95_lower": [199.2175124287046, 0.0, 170.5350227944747, 396.3669418414538, 364.9695141907179, 335.13701841993725], "ci_95_upper": [353.0708799932049, 130.37081566904124, 324.388390358975, 550.2203094059541, 518.8228817552183, 488.9903859844376], "member_no": "KTD-72388", "factory": "RKR-01", "n_seasons": 15, "series_length": 180}