{"status": "ok", "order": [1, 0, 0], "seasonal_order": [2, 1, 0, 12], "aic": 1852.6846211438137, "n_obs": 168, "forecast_6mo": [659.9108841039758, 190.21358080634263, 590.588720455944, 1019.2232497333866, 963.0252153429723, 925.0441262147609], "ci_80_lower": [548.7898058577106, 76.6590426139347, 476.9276382113743, 905.5574522482557, 849.3592090813003, 811.378110708906], "ci_80_upper": [771.0319623502411, 303.76811899875054, 704.2498027005137, 1132.8890472185176, 1076.6912216046442, 1038.7101417206159], "ci_95_lower": [489.96586032072673, 16.546901195508042, 416.7590957786616, 845.3864137179677, 789.1880600313875, 751.2069567654182], "ci_95_upper": [829.8559078872249, 363.8802604171772, 764.4183451332264, 1193.0600857488057, 1136.862370654557, 1098.8812956641036], "member_no": "KTD-63964", "factory": "RKR-01", "n_seasons": 14, "series_length": 168}