{"status": "ok", "order": [0, 0, 1], "seasonal_order": [0, 1, 1, 12], "aic": 2051.924107929066, "n_obs": 180, "forecast_6mo": [843.0462827966211, 256.72660083646775, 732.600533719873, 1350.4840060272354, 1266.3499731544032, 1172.1520228748548], "ci_80_lower": [712.840448371746, 125.55342469192226, 601.4273575753339, 1219.3108298826962, 1135.176797009864, 1040.9788467303156], "ci_80_upper": [973.2521172214962, 387.89977698101325, 863.7737098644122, 1481.6571821717746, 1397.5231492989424, 1303.325199019394], "ci_95_lower": [643.9136431815361, 56.11453972772543, 531.9884726111403, 1149.8719449185028, 1065.7379120456703, 971.539961766122], "ci_95_upper": [1042.178922411706, 457.3386619452101, 933.2125948286058, 1551.096067135968, 1466.962034263136, 1372.7640839835876], "member_no": "KTD-72131", "factory": "RKR-01", "n_seasons": 15, "series_length": 180}