{"status": "ok", "order": [2, 0, 2], "seasonal_order": [1, 1, 1, 12], "aic": 1992.0943750004096, "n_obs": 180, "forecast_6mo": [670.9608634759777, 150.78569710272652, 604.4748132359541, 1113.3815815566015, 1114.8199951409952, 1002.0996832129746], "ci_80_lower": [563.9050064164318, 42.11677121390704, 495.1639589011664, 1003.8861512078478, 1005.3033524640498, 892.5794887856142], "ci_80_upper": [778.0167205355236, 259.454622991546, 713.7856675707419, 1222.8770119053552, 1224.3366378179405, 1111.6198776403348], "ci_95_lower": [507.23305898329477, 0.0, 437.29828801791217, 945.9227716849339, 947.3287438128916, 834.6029999513597], "ci_95_upper": [834.6886679686606, 316.98047748226486, 771.651338453996, 1280.8403914282692, 1282.3112464690987, 1169.5963664745896], "member_no": "KTD-97133", "factory": "RKR-01", "n_seasons": 15, "series_length": 180}