{"status": "ok", "order": [0, 0, 1], "seasonal_order": [1, 0, 0, 12], "aic": 1822.7494482605175, "n_obs": 180, "forecast_6mo": [159.62766938171077, 53.35496676246178, 148.0724221273093, 299.169315209328, 277.83909460633157, 259.7037088073082], "ci_80_lower": [114.99877741154404, 7.157466997010104, 101.87492236185761, 252.9718154438763, 231.6415948408799, 213.50620904185652], "ci_80_upper": [204.2565613518775, 99.55246652791345, 194.26992189276098, 345.36681497477963, 324.0365943717832, 305.90120857275986], "ci_95_lower": [91.37366908771212, 0.0, 77.41944323011975, 228.51633631213844, 207.18611570914203, 189.05072991011866], "ci_95_upper": [227.88166967570942, 124.00794565965131, 218.72540102449884, 369.8222941065175, 348.4920735035211, 330.35668770449774], "member_no": "KTD-86588", "factory": "RKR-01", "n_seasons": 15, "series_length": 180}