{"status": "ok", "order": [2, 0, 2], "seasonal_order": [1, 1, 1, 12], "aic": 1399.8567599164985, "n_obs": 132, "forecast_6mo": [560.1927872769446, 160.8691118241224, 485.2928275974032, 855.0463047813704, 869.9476763235881, 824.3304978713086], "ci_80_lower": [467.9338052235836, 68.42389540737153, 392.82668688254853, 762.4508197711829, 777.2857265061124, 731.6042132110824], "ci_80_upper": [652.4517693303056, 253.31432824087327, 577.7589683122578, 947.6417897915579, 962.6096261410638, 917.0567825315347], "ci_95_lower": [419.09485026332715, 19.486353930298947, 343.87806875114995, 713.4337309058403, 728.2334532971173, 682.5178831935519], "ci_95_upper": [701.2907242905621, 302.25186971794585, 626.7075864436564, 996.6588786569005, 1011.6618993500589, 966.1431125490652], "member_no": "KTD-96217", "factory": "RKR-01", "n_seasons": 11, "series_length": 132}