{"status": "ok", "order": [0, 0, 2], "seasonal_order": [1, 0, 0, 12], "aic": 2082.902124217788, "n_obs": 180, "forecast_6mo": [317.2333810695738, 106.2856407626475, 323.9658292680691, 607.4070746570926, 602.8804900382396, 494.24245918576986], "ci_80_lower": [226.54468715815574, 12.863195369439836, 229.71417329758953, 513.1554186866131, 508.62883406776, 399.99080321529027], "ci_80_upper": [407.92207498099185, 199.70808615585517, 418.2174852385487, 701.6587306275721, 697.1321460087191, 588.4941151562494], "ci_95_lower": [178.5369925275941, 0.0, 179.82036048476826, 463.2616058737917, 458.7350212549387, 350.09699040246903], "ci_95_upper": [455.9297696115535, 249.16294140449554, 468.11129805137, 751.5525434403935, 747.0259588215405, 638.3879279690707], "member_no": "KTD-92820", "factory": "RKR-01", "n_seasons": 15, "series_length": 180}