{"status": "ok", "order": [0, 0, 1], "seasonal_order": [1, 0, 0, 12], "aic": 2185.9969046792644, "n_obs": 180, "forecast_6mo": [508.0232877970649, 187.8822766077126, 503.37788579400717, 871.047992738274, 711.7933434445355, 667.3414247770934], "ci_80_lower": [385.8719719438591, 59.99260504064064, 375.4882142269352, 743.158321171202, 583.9036718774635, 539.4517532100214], "ci_80_upper": [630.1746036502707, 315.7719481747846, 631.2675573610792, 998.9376643053461, 839.6830150116075, 795.2310963441654], "ci_95_lower": [321.2089713284796, 0.0, 307.7875115903764, 675.4576185346433, 516.2029692409047, 471.75105057346263], "ci_95_upper": [694.8376042656502, 383.4726508113434, 698.9682599976379, 1066.638366941905, 907.3837176481662, 862.9317989807241], "member_no": "KTD-87002", "factory": "RKR-01", "n_seasons": 15, "series_length": 180}