{"status": "ok", "order": [0, 0, 0], "seasonal_order": [1, 1, 0, 12], "aic": 487.2768493539887, "n_obs": 60, "forecast_6mo": [224.8521833772224, 54.40564328554518, 199.49531668076958, 414.72434128374664, 384.33193997532436, 376.5976816997724], "ci_80_lower": [180.48813559181136, 10.04159550013415, 155.13126889535855, 370.36029349833564, 339.9678921899133, 332.23363391436135], "ci_80_upper": [269.21623116263345, 98.76969107095621, 243.8593644661806, 459.08838906915764, 428.6959877607354, 420.96172948518347], "ci_95_lower": [157.00322731054317, 0.0, 131.64636061409036, 346.87538521706745, 316.4829839086451, 308.74872563309316], "ci_95_upper": [292.70113944390164, 122.2545993522244, 267.3442727474488, 482.57329735042583, 452.1808960420036, 444.44663776645166], "member_no": "KTD-79923", "factory": "RKR-01", "n_seasons": 5, "series_length": 60}