{"status": "ok", "order": [1, 0, 0], "seasonal_order": [2, 1, 0, 12], "aic": 1160.6159899749716, "n_obs": 120, "forecast_6mo": [322.6973976874038, 56.308302883422115, 307.3901541992845, 522.9961209026878, 547.9555603398809, 484.9983152776333], "ci_80_lower": [259.3259159467905, 0.0, 242.7338489252217, 458.3379151480501, 483.2972796939853, 420.3400316804932], "ci_80_upper": [386.0688794280171, 120.91636257484357, 372.0464594733473, 587.6543266573256, 612.6138409857765, 549.6565988747734], "ci_95_lower": [225.77907992485785, 0.0, 208.50686840911163, 424.1099285782948, 449.0692534791927, 386.11200390340616], "ci_95_upper": [419.61571544994973, 155.1178034222384, 406.27343998945736, 621.8823132270809, 646.841867200569, 583.8846266518605], "member_no": "KTD-28632", "factory": "RKR-01", "n_seasons": 10, "series_length": 120}