{"status": "ok", "order": [1, 0, 1], "seasonal_order": [0, 1, 1, 12], "aic": 1727.7307286185023, "n_obs": 180, "forecast_6mo": [292.52819551886245, 91.47849467034996, 269.31964341387953, 503.39653724164197, 511.27141578983526, 468.0995965197944], "ci_80_lower": [243.58630092035332, 40.83735561586633, 218.55940955887118, 452.627814668021, 460.5020874589392, 417.3302249585724], "ci_80_upper": [341.47009011737157, 142.1196337248336, 320.0798772688879, 554.165259815263, 562.0407441207313, 518.8689680810163], "ci_95_lower": [217.6780269207149, 14.029555937483622, 191.68856490135067, 425.75247635430827, 433.62642847669514, 390.4545430915762], "ci_95_upper": [367.37836411701, 168.9274334032163, 346.9507219264084, 581.0405981289756, 588.9164031029753, 545.7446499480126], "member_no": "KTD-57796", "factory": "RKR-01", "n_seasons": 15, "series_length": 180}