{"status": "ok", "order": [3, 0, 0], "seasonal_order": [1, 1, 1, 12], "aic": 1882.5968949893713, "n_obs": 180, "forecast_6mo": [505.9481077420688, 145.73886102104464, 461.6683266537095, 861.5082531472203, 806.4224956963968, 791.4378434478308], "ci_80_lower": [429.3360096943334, 67.6446123455973, 383.09820790384805, 782.7496584540467, 727.5488352422115, 712.5571832281506], "ci_80_upper": [582.5602057898043, 223.833109696492, 540.2384454035711, 940.266847840394, 885.2961561505822, 870.318503667511], "ci_95_lower": [388.7800147907696, 26.30401429402484, 341.5056994516405, 741.0573768642903, 685.7956415180001, 670.8002840519158], "ci_95_upper": [623.1162006933681, 265.17370774806443, 581.8309538557785, 981.9591294301504, 927.0493498747935, 912.0754028437458], "member_no": "KTD-22197", "factory": "RKR-01", "n_seasons": 15, "series_length": 180}