{"status": "ok", "order": [0, 0, 0], "seasonal_order": [0, 1, 1, 12], "aic": 2110.8742421858287, "n_obs": 180, "forecast_6mo": [1028.663793066609, 284.6097531407298, 967.1252274356514, 1850.5655274370345, 1806.3154483790315, 1551.9207103774183], "ci_80_lower": [871.0261896129921, 126.97214968711279, 809.4876239820344, 1692.9279239834175, 1648.6778449254145, 1394.2831069238014], "ci_80_upper": [1186.301396520226, 442.24735659434685, 1124.7628308892683, 2008.2031308906514, 1963.9530518326485, 1709.5583138310353], "ci_95_lower": [787.5778830767127, 43.5238431508335, 726.039317445755, 1609.479617447138, 1565.229538389135, 1310.8348003875221], "ci_95_upper": [1269.7497030565055, 525.6956631306261, 1208.2111374255478, 2091.651437426931, 2047.401358368928, 1793.0066203673146], "member_no": "KTD-78482", "factory": "RKR-01", "n_seasons": 15, "series_length": 180}