{"status": "ok", "order": [0, 0, 1], "seasonal_order": [0, 1, 1, 12], "aic": 2106.491382540892, "n_obs": 180, "forecast_6mo": [962.8303284189006, 257.3176313035494, 941.3547803237956, 1628.5851498912584, 1619.2751147068616, 1600.5891831787976], "ci_80_lower": [806.5688974323424, 99.05967200927725, 783.0968210295238, 1470.3271905969866, 1461.0171554125898, 1442.3312238845258], "ci_80_upper": [1119.091759405459, 415.5755905978215, 1099.6127396180675, 1786.8431091855302, 1777.5330740011334, 1758.8471424730694], "ci_95_lower": [723.849092594655, 15.28296892789453, 699.3201179481412, 1386.550487515604, 1377.240452331207, 1358.554520803143], "ci_95_upper": [1201.8115642431462, 499.3522936792042, 1183.38944269945, 1870.619812266913, 1861.3097770825161, 1842.6238455544521], "member_no": "KTD-25596", "factory": "RKR-01", "n_seasons": 15, "series_length": 180}