{"status": "ok", "order": [0, 0, 0], "seasonal_order": [2, 1, 1, 12], "aic": 2003.4964160729287, "n_obs": 180, "forecast_6mo": [734.5543742789774, 217.041843174643, 593.9140147473589, 1153.8059482468038, 1185.8289929733082, 1086.1913985838703], "ci_80_lower": [621.0771608639291, 103.56462975959465, 480.43680133231055, 1040.3287348317556, 1072.35177955826, 972.7141851688219], "ci_80_upper": [848.0315876940258, 330.51905658969133, 707.3912281624073, 1267.283161661852, 1299.3062063883565, 1199.6686119989185], "ci_95_lower": [561.0059527100445, 43.493421605710125, 420.365593178426, 980.2575266778709, 1012.2805714043753, 912.6429770149374], "ci_95_upper": [908.1027958479103, 390.59026474357586, 767.4624363162918, 1327.3543698157366, 1359.377414542241, 1259.739820152803], "member_no": "KTD-51095", "factory": "RKR-01", "n_seasons": 15, "series_length": 180}