{"status": "ok", "order": [2, 0, 2], "seasonal_order": [1, 0, 1, 12], "aic": 1927.0137665646548, "n_obs": 180, "forecast_6mo": [262.8620915748763, 101.0507386846902, 204.5578260162195, 304.54968959337555, 267.16974120195397, 303.9512026823258], "ci_80_lower": [201.53027627886027, 39.700724934356, 143.20529966523296, 243.19501030172734, 205.79770869163985, 242.54573079299655], "ci_80_upper": [324.1939068708923, 162.4007524350244, 265.9103523672061, 365.90436888502376, 328.5417737122681, 365.35667457165505], "ci_95_lower": [169.06317445087336, 7.223989426579749, 110.72723406701604, 210.7158050055681, 173.30931715641773, 210.03963751980518], "ci_95_upper": [356.6610086988792, 194.87748794280066, 298.38841796542295, 398.383574181183, 361.03016524749023, 397.8627678448464], "member_no": "KTD-70116", "factory": "RKR-01", "n_seasons": 15, "series_length": 180}