{"status": "ok", "order": [0, 0, 1], "seasonal_order": [2, 1, 0, 12], "aic": 1955.8828728843791, "n_obs": 180, "forecast_6mo": [531.2575624560833, 124.49804200945843, 466.2129542123072, 800.1636757928286, 758.3031714871527, 718.3666875111668], "ci_80_lower": [431.06291972102025, 23.13900569718774, 364.8539179000365, 698.8046394805579, 656.9441351748821, 617.0076511988963], "ci_80_upper": [631.4522051911463, 225.85707832172912, 567.5719905245778, 901.5227121050993, 859.6622077994232, 819.7257238234373], "ci_95_lower": [378.0230797521979, 0.0, 311.1976852049171, 645.1484067854385, 603.2879024797629, 563.351418503777], "ci_95_upper": [684.4920451599687, 279.5133110168485, 621.2282232196973, 955.1789448002187, 913.3184404945424, 873.3819565185565], "member_no": "KTD-28668", "factory": "RKR-01", "n_seasons": 15, "series_length": 180}