{"status": "ok", "order": [0, 0, 1], "seasonal_order": [1, 1, 2, 12], "aic": 1910.130999485324, "n_obs": 180, "forecast_6mo": [511.01356735758736, 144.42951547505493, 439.0551113580854, 918.9636998206851, 891.249501969641, 811.7461214008806], "ci_80_lower": [425.67692691922184, 56.86476101342804, 351.4903568964586, 831.3989453590583, 803.6847475080142, 724.1813669392538], "ci_80_upper": [596.3502077959529, 231.9942699366818, 526.6198658197122, 1006.5284542823118, 978.8142564312677, 899.3108758625074], "ci_95_lower": [380.5024382562278, 10.510780034277303, 305.13637591730793, 785.0449643799076, 757.3307665288635, 677.8273859601031], "ci_95_upper": [641.5246964589469, 278.3482509158325, 572.973846798863, 1052.8824352614624, 1025.1682374104184, 945.6648568416581], "member_no": "KTD-44390", "factory": "RKR-01", "n_seasons": 15, "series_length": 180}