{"status": "ok", "order": [0, 0, 1], "seasonal_order": [1, 0, 0, 12], "aic": 2083.032694695687, "n_obs": 180, "forecast_6mo": [307.0777055293073, 108.09107131070891, 319.54029042817103, 606.6052901142964, 669.8475793171784, 537.4970494491181], "ci_80_lower": [215.53440155936565, 16.529595214419714, 227.97881433188184, 515.0438140180072, 578.2861032208892, 445.9355733528289], "ci_80_upper": [398.621009499249, 199.6525474069981, 411.10176652446023, 698.1667662105856, 761.4090554134676, 629.0585255454073], "ci_95_lower": [167.07430369144035, 0.0, 179.50909672135296, 466.57409640747835, 529.8163856103604, 397.46585574230005], "ci_95_upper": [447.08110736717424, 248.12226501752698, 459.5714841349891, 746.6364838211144, 809.8787730239965, 677.5282431559361], "member_no": "KTD-36777", "factory": "RKR-01", "n_seasons": 15, "series_length": 180}