{"status": "ok", "order": [0, 0, 0], "seasonal_order": [0, 1, 1, 12], "aic": 1645.4210798311901, "n_obs": 180, "forecast_6mo": [247.09095030541732, 62.52790220572498, 209.2955447706781, 397.017296084541, 388.0839574598856, 360.24060810771476], "ci_80_lower": [208.1018271096354, 23.538779009943042, 170.30642157489618, 358.02817288875906, 349.09483426410367, 321.25148491193283], "ci_80_upper": [286.08007350119925, 101.51702540150691, 248.28466796646003, 436.0064192803229, 427.0730806556675, 399.2297313034967], "ci_95_lower": [187.46223203370738, 2.8991839340150207, 149.66682649896813, 337.38857781283104, 328.45523918817565, 300.6118898360048], "ci_95_upper": [306.71966857712727, 122.15662047743493, 268.9242630423881, 456.64601435625093, 447.71267573159554, 419.8693263794247], "member_no": "KTD-97745", "factory": "RKR-01", "n_seasons": 15, "series_length": 180}