{"status": "ok", "order": [0, 0, 1], "seasonal_order": [1, 0, 0, 12], "aic": 1926.940487257084, "n_obs": 180, "forecast_6mo": [204.26908112167465, 55.85546217840525, 177.57458335090482, 367.4640079569884, 376.2938662011713, 307.8387286306782], "ci_80_lower": [145.09835706459432, 0.0, 118.34028893216198, 308.22971353824556, 317.05957178242846, 248.60443421193537], "ci_80_upper": [263.43980517875497, 115.08975659714808, 236.80887776964767, 426.6983023757312, 435.5281606199141, 367.073023049421], "ci_95_lower": [113.7752678339103, 0.0, 86.98354758478487, 276.87297219086844, 285.70283043505134, 217.24769286455825], "ci_95_upper": [294.762894409439, 146.4464979445252, 268.1656191170248, 458.0550437231083, 466.8849019672912, 398.42976439679813], "member_no": "KTD-20068", "factory": "RKR-01", "n_seasons": 15, "series_length": 180}