{"status": "ok", "order": [1, 0, 1], "seasonal_order": [0, 1, 2, 12], "aic": 2092.2793708124846, "n_obs": 180, "forecast_6mo": [905.3721950040252, 264.16140792302195, 837.9819515271308, 1652.4162505738145, 1529.160609700635, 1486.2888352019577], "ci_80_lower": [755.425778515628, 113.22430622410042, 686.3827520741258, 1500.373745013343, 1376.8209297146532, 1333.7497809721192], "ci_80_upper": [1055.3186114924224, 415.0985096219435, 989.5811509801358, 1804.458756134286, 1681.5002896866167, 1638.8278894317962], "ci_95_lower": [676.0489404198745, 33.323031056749755, 606.1309835274717, 1419.8873043888675, 1296.177174451973, 1253.000483360074], "ci_95_upper": [1134.695449588176, 494.99978478929415, 1069.83291952679, 1884.9451967587615, 1762.1440449492968, 1719.5771870438414], "member_no": "KTD-25700", "factory": "RKR-01", "n_seasons": 15, "series_length": 180}