{"status": "ok", "order": [1, 0, 0], "seasonal_order": [0, 1, 1, 12], "aic": 2231.4168942085234, "n_obs": 180, "forecast_6mo": [1363.9108616140136, 315.5182220556311, 1114.289661403722, 2277.2142589020923, 2142.7182598312775, 2016.4320281432424], "ci_80_lower": [1143.7142919383757, 93.07357599906379, 891.799065614756, 2054.7227191507936, 1920.2267006857858, 1793.9404685992865], "ci_80_upper": [1584.1074312896515, 537.9628681121984, 1336.780257192688, 2499.705798653391, 2365.2098189767694, 2238.9235876871985], "ci_95_lower": [1027.149269114133, 0.0, 774.0196587215271, 1936.9428125540903, 1802.446783822417, 1676.1605515249835], "ci_95_upper": [1700.6724541138942, 655.7179506864168, 1454.559664085917, 2617.4857052500943, 2482.9897358401377, 2356.7035047615013], "member_no": "KTD-99836", "factory": "RKR-01", "n_seasons": 15, "series_length": 180}