{"status": "ok", "order": [2, 0, 0], "seasonal_order": [2, 1, 0, 12], "aic": 2078.731101913383, "n_obs": 180, "forecast_6mo": [948.3346220855229, 211.5425694462624, 838.0023749838645, 1456.5664166772021, 1305.785352057625, 1374.1084069311876], "ci_80_lower": [804.7413958193663, 64.48577291727693, 690.0564899744193, 1308.364594685497, 1157.5819070694915, 1225.8967494840535], "ci_80_upper": [1091.9278483516796, 358.5993659752479, 985.9482599933096, 1604.7682386689073, 1453.9887970457585, 1522.3200643783216], "ci_95_lower": [728.7277334731401, 0.0, 611.7386692732061, 1229.9112891298985, 1079.1277423514819, 1147.4382373528565], "ci_95_upper": [1167.9415106979059, 436.4465316650309, 1064.2660806945228, 1683.2215442245058, 1532.4429617637682, 1600.7785765095186], "member_no": "KTD-88088", "factory": "RKR-01", "n_seasons": 15, "series_length": 180}