{"status": "ok", "order": [0, 0, 0], "seasonal_order": [2, 1, 0, 12], "aic": 1656.7222647953213, "n_obs": 180, "forecast_6mo": [227.60541453758444, 56.48141507029133, 204.76583162183235, 372.2352088188113, 342.20070531619086, 317.9606271177663], "ci_80_lower": [185.9226112978552, 14.798611830562116, 163.08302838210312, 330.5524055790821, 300.51790207646167, 276.2778238780371], "ci_80_upper": [269.28821777731366, 98.16421831002054, 246.44863486156157, 413.9180120585405, 383.88350855592006, 359.6434303574955], "ci_95_lower": [163.8570681416894, 0.0, 141.01748522593732, 308.4868624229163, 278.45235892029586, 254.21228072187128], "ci_95_upper": [291.35376093347946, 120.22976146618635, 268.5141780177274, 435.9835552147063, 405.94905171208586, 381.70897351366136], "member_no": "KTD-60556", "factory": "RKR-01", "n_seasons": 15, "series_length": 180}