{"status": "ok", "order": [1, 0, 0], "seasonal_order": [0, 1, 1, 12], "aic": 2083.222535759295, "n_obs": 180, "forecast_6mo": [1097.6325818427124, 328.5570679004045, 1005.2401903227471, 1747.7159556268743, 1664.6923986282234, 1563.3036986100851], "ci_80_lower": [954.1151984269708, 182.83746215087464, 859.452991747429, 1601.9266666432109, 1518.9030449806035, 1417.5143429621594], "ci_80_upper": [1241.149965258454, 474.2766736499343, 1151.0273888980653, 1893.5052446105378, 1810.4817522758433, 1709.0930542580109], "ci_95_lower": [878.1416848605495, 105.69816250077255, 782.2779106167509, 1524.7504789171992, 1441.7268230235609, 1340.338119946219], "ci_95_upper": [1317.1234788248753, 551.4159733000364, 1228.2024700287434, 1970.6814323365495, 1887.6579742328859, 1786.2692772739513], "member_no": "KTD-19671", "factory": "RKR-01", "n_seasons": 15, "series_length": 180}