{"status": "ok", "order": [0, 1, 0], "seasonal_order": [1, 0, 2, 12], "aic": 2201.880760499901, "n_obs": 180, "forecast_6mo": [441.15678368156773, 117.92478850419803, 378.1681789121275, 722.4985852808927, 777.9357678016695, 662.2032397069903], "ci_80_lower": [314.35469754143537, 0.0, 158.54052326196395, 468.894413065932, 494.39768358142925, 351.6028304320946], "ci_80_upper": [567.9588698217001, 297.25001842999006, 597.795834562291, 976.1027574958534, 1061.4738520219098, 972.803648981886], "ci_95_lower": [247.22972785249368, 0.0, 42.27666533080799, 334.6444737226185, 344.3016884105697, 187.18090574144384], "ci_95_upper": [635.0838395106418, 392.1790609216779, 714.059692493447, 1110.352696839167, 1211.5698471927694, 1137.2255736725367], "member_no": "KTD-86415", "factory": "RKR-01", "n_seasons": 15, "series_length": 180}