{"status": "ok", "order": [0, 0, 1], "seasonal_order": [1, 0, 0, 12], "aic": 2223.3545906607324, "n_obs": 180, "forecast_6mo": [429.5530054703482, 152.93900041909305, 472.0494112245186, 894.0536078309349, 753.6338530907593, 611.0724177411513], "ci_80_lower": [293.66976798544056, 14.507711128090136, 333.6181219335157, 755.6223185399319, 615.2025637997564, 472.64112845014836], "ci_80_upper": [565.4362429552558, 291.37028971009596, 610.4807005155216, 1032.4848971219378, 892.0651423817623, 749.5037070321542], "ci_95_lower": [221.73752715992563, 0.0, 260.3370239601698, 682.3412205665861, 541.9214658264104, 399.3600304768025], "ci_95_upper": [637.3684837807707, 364.65138768344184, 683.7617984888675, 1105.7659950952836, 965.3462403551082, 822.7848050055002], "member_no": "KTD-22711", "factory": "RKR-01", "n_seasons": 15, "series_length": 180}