{"status": "ok", "order": [0, 0, 0], "seasonal_order": [0, 1, 2, 12], "aic": 1777.0973423504174, "n_obs": 180, "forecast_6mo": [347.2552446446371, 107.25140902700468, 317.49425289215054, 542.299884252716, 537.8365741268992, 503.07657565537585], "ci_80_lower": [290.3120895379874, 50.308253920354964, 260.5510977855008, 485.35672914606624, 480.8934190202495, 446.1334205487261], "ci_80_upper": [404.19839975128684, 164.1945641336544, 374.43740799880027, 599.2430393593656, 594.7797292335489, 560.0197307620256], "ci_95_lower": [260.16820407933307, 20.164368461700647, 230.4072123268465, 455.2128436874119, 450.7495335615952, 415.98953509007185], "ci_95_upper": [434.34228520994117, 194.33844959230873, 404.5812934574546, 629.38692481802, 624.9236146922033, 590.1636162206798], "member_no": "KTD-64480", "factory": "RKR-01", "n_seasons": 15, "series_length": 180}