{"status": "ok", "order": [2, 0, 0], "seasonal_order": [2, 1, 0, 12], "aic": 1973.5324715760823, "n_obs": 180, "forecast_6mo": [505.06849992712006, 122.11491018161426, 482.07604988800205, 876.152446204261, 798.8357725795734, 694.4223038903326], "ci_80_lower": [399.7398088128692, 15.791817734776771, 375.07072882956635, 769.0866355586841, 691.764156355032, 587.3488106636813], "ci_80_upper": [610.3971910413709, 228.43800262845176, 589.0813709464378, 983.2182568498379, 905.9073888041147, 801.4957971169839], "ci_95_lower": [343.9821678020854, 0.0, 318.425533539442, 712.4094190153853, 635.0838665238726, 530.6675272076253], "ci_95_upper": [666.1548320521547, 284.7220479070231, 645.7265662365621, 1039.8954733931366, 962.5876786352741, 858.1770805730399], "member_no": "KTD-23678", "factory": "RKR-01", "n_seasons": 15, "series_length": 180}