{"status": "ok", "order": [2, 0, 2], "seasonal_order": [1, 1, 1, 12], "aic": 2050.410941464127, "n_obs": 180, "forecast_6mo": [877.053650218641, 254.54148273749126, 784.9368436073855, 1486.879621857276, 1285.0067224570314, 1253.415383251629], "ci_80_lower": [749.759054380609, 127.01188900655941, 657.359841123739, 1359.1162128409308, 1157.1777125567783, 1125.4440029263144], "ci_80_upper": [1004.348246056673, 382.07107646842314, 912.5138460910321, 1614.6430308736215, 1412.8357323572845, 1381.3867635769436], "ci_95_lower": [682.3733658064393, 59.50180006234834, 589.8246555018168, 1291.4823495612654, 1089.509122266873, 1057.7000462859194], "ci_95_upper": [1071.7339346308427, 449.58116541263416, 980.0490317129543, 1682.2768941532868, 1480.5043226471898, 1449.1307202173386], "member_no": "KTD-37895", "factory": "RKR-01", "n_seasons": 15, "series_length": 180}