{"status": "ok", "order": [0, 0, 1], "seasonal_order": [1, 0, 0, 12], "aic": 1912.8822079345632, "n_obs": 180, "forecast_6mo": [292.0529835120925, 73.07100259155777, 279.87134383222735, 417.6746169063053, 427.9812328979953, 383.0329353786804], "ci_80_lower": [235.2265913387912, 15.822089282661018, 222.6224305233306, 360.4257035974085, 370.73231958909855, 325.78402206978365], "ci_80_upper": [348.8793756853938, 130.31991590045453, 337.1202571411241, 474.92353021520205, 485.2301462068921, 440.28184868757717], "ci_95_lower": [205.14451644335696, 0.0, 192.31668644954834, 330.1199595236263, 340.4265755153163, 295.4782779960014], "ci_95_upper": [378.96145058082806, 160.62565997423678, 367.42600121490636, 505.2292742889843, 515.5358902806744, 470.5875927613594], "member_no": "KTD-12868", "factory": "RKR-01", "n_seasons": 15, "series_length": 180}