{"status": "ok", "order": [0, 0, 0], "seasonal_order": [0, 1, 1, 12], "aic": 1996.4053924154123, "n_obs": 180, "forecast_6mo": [711.8713577093831, 202.92263877885, 571.6984197815113, 1168.432263857248, 1143.0487313931596, 1042.4960555985447], "ci_80_lower": [598.8204682392351, 89.87174930870198, 458.6475303113633, 1055.3813743871, 1029.9978419230117, 929.4451661283966], "ci_80_upper": [824.9222471795312, 315.97352824899804, 684.7493092516594, 1281.483153327396, 1256.0996208633076, 1155.5469450686926], "ci_95_lower": [538.9749423493432, 30.026223418810133, 398.80200442147145, 995.5358484972081, 970.1523160331197, 869.5996402385048], "ci_95_upper": [884.767773069423, 375.8190541388899, 744.5948351415512, 1341.3286792172878, 1315.9451467531994, 1215.3924709585845], "member_no": "KTD-59126", "factory": "RKR-01", "n_seasons": 15, "series_length": 180}