{"status": "ok", "order": [1, 0, 0], "seasonal_order": [2, 1, 0, 12], "aic": 2030.2927956480517, "n_obs": 180, "forecast_6mo": [794.5004769898092, 201.7744540059005, 641.8407571696025, 1181.022003344179, 1105.3141186943226, 989.0179940461727], "ci_80_lower": [670.3270279413287, 75.81870250083267, 515.833849505391, 1055.0136169273462, 979.3056895230503, 863.0095636387554], "ci_80_upper": [918.6739260382897, 327.73020551096835, 767.8476648338141, 1307.0303897610117, 1231.3225478655947, 1115.0264244535902], "ci_95_lower": [604.5935746735393, 9.141755304696204, 449.1298218744096, 988.3088064920129, 912.6008564548838, 796.3047299162131], "ci_95_upper": [984.4073793060791, 394.40715270710484, 834.5516924647955, 1373.7352001963452, 1298.0273809337614, 1181.7312581761323], "member_no": "KTD-18531", "factory": "RKR-01", "n_seasons": 15, "series_length": 180}