{"status": "ok", "order": [0, 0, 1], "seasonal_order": [1, 0, 0, 12], "aic": 1868.8637129729932, "n_obs": 180, "forecast_6mo": [227.66426150830156, 67.32616911528974, 238.7415612006946, 398.3884232723575, 397.5202530254422, 376.10538693486257], "ci_80_lower": [177.8058110473317, 16.155560522107145, 187.570952607512, 347.2178146791749, 346.3496444322596, 324.93477834168], "ci_80_upper": [277.5227119692714, 118.49677770847234, 289.9121697938772, 449.5590318655401, 448.69086161862475, 427.27599552804514], "ci_95_lower": [151.41234168254834, 0.0, 160.48286868603643, 320.12973075769935, 319.26156051078397, 297.84669442020436], "ci_95_upper": [303.9161813340548, 145.5848616299479, 317.00025371535276, 476.64711578701565, 475.7789455401004, 454.3640794495208], "member_no": "KTD-15475", "factory": "RKR-01", "n_seasons": 15, "series_length": 180}