{"status": "ok", "order": [1, 0, 0], "seasonal_order": [2, 1, 0, 12], "aic": 2008.1844897849037, "n_obs": 180, "forecast_6mo": [567.0943699775149, 147.69205113922138, 532.2993747928385, 1026.4971312102466, 1030.9660255312072, 853.2480958594625], "ci_80_lower": [449.36784300285075, 26.25055679551619, 410.62359153493367, 904.8063436401966, 909.2742761339694, 731.5562848020612], "ci_80_upper": [684.820896952179, 269.1335454829266, 653.9751580507434, 1148.1879187802965, 1152.657774928445, 974.9399069168638], "ci_95_lower": [387.04718412957664, 0.0, 346.21232266953825, 840.38713197174, 844.8545553049557, 667.1365313321286], "ci_95_upper": [747.1415558254532, 333.42078928893363, 718.3864269161388, 1212.6071304487532, 1217.0774957574586, 1039.3596603867963], "member_no": "KTD-56307", "factory": "RKR-01", "n_seasons": 15, "series_length": 180}