{"status": "ok", "order": [0, 0, 0], "seasonal_order": [1, 1, 2, 12], "aic": 1969.5059621790979, "n_obs": 180, "forecast_6mo": [680.8899515418377, 176.5624236613246, 577.6852215672974, 1033.128983834619, 1069.9818209883178, 967.192426529293], "ci_80_lower": [579.2978339372461, 74.97030605673298, 476.09310396270575, 931.5368662300274, 968.3897033837262, 865.6003089247014], "ci_80_upper": [782.4820691464294, 278.15454126591624, 679.277339171889, 1134.7211014392105, 1171.5739385929094, 1068.7845441338845], "ci_95_lower": [525.5182154591452, 21.19068757863201, 422.3134854846048, 877.7572477519265, 914.6100849056253, 811.8206904466005], "ci_95_upper": [836.2616876245303, 331.93415974401717, 733.05695764999, 1188.5007199173117, 1225.3535570710105, 1122.5641626119857], "member_no": "KTD-39751", "factory": "RKR-01", "n_seasons": 15, "series_length": 180}