{"status": "ok", "order": [0, 0, 1], "seasonal_order": [0, 1, 1, 12], "aic": 1673.2060600556301, "n_obs": 180, "forecast_6mo": [276.805921359285, 82.03593896366823, 247.64264315026446, 496.4620412918461, 492.4043498081195, 425.49270716471955], "ci_80_lower": [233.63162004447588, 37.439625077810284, 203.04632926440652, 451.86572740598814, 447.8080359222615, 380.8963932788616], "ci_80_upper": [319.9802226740941, 126.63225284952617, 292.23895703612243, 541.058355177704, 537.0006636939775, 470.0890210505775], "ci_95_lower": [210.77652550056547, 13.831762550071431, 179.43846673666766, 428.2578648782493, 424.2001733945227, 357.2885307511227], "ci_95_upper": [342.8353172180045, 150.24011537726503, 315.84681956386123, 564.6662177054429, 560.6085262217163, 493.6968835783164], "member_no": "KTD-95612", "factory": "RKR-01", "n_seasons": 15, "series_length": 180}