{"status": "ok", "order": [0, 0, 0], "seasonal_order": [2, 1, 0, 12], "aic": 1874.6965210267897, "n_obs": 180, "forecast_6mo": [434.9003989797395, 83.62125563139482, 377.88371143190307, 718.8463484652158, 679.70141285482, 589.4415749068924], "ci_80_lower": [355.4139120477239, 4.13476869937918, 298.39722449988744, 639.3598615332002, 600.2149259228044, 509.95508797487673], "ci_80_upper": [514.3868859117551, 163.10774256341045, 457.3701983639187, 798.3328353972314, 759.1878997868356, 668.928061838908], "ci_95_lower": [313.3363075823243, 0.0, 256.3196200344879, 597.2822570678006, 558.1373214574048, 467.8774835094772], "ci_95_upper": [556.4644903771547, 205.18534702880999, 499.4478028293182, 840.4104398626309, 801.2655042522351, 711.0056663043075], "member_no": "KTD-28593", "factory": "RKR-01", "n_seasons": 15, "series_length": 180}