{"status": "ok", "order": [0, 0, 1], "seasonal_order": [1, 1, 2, 12], "aic": 1678.8579297466347, "n_obs": 180, "forecast_6mo": [222.48426013397292, 62.2481282107766, 200.44777518808988, 448.885480476821, 432.5894325903765, 375.1770413805732], "ci_80_lower": [179.86545109923247, 19.29874918257852, 157.4983961598918, 405.9361014486229, 389.6400535621784, 332.22766235237515], "ci_80_upper": [265.1030691687134, 105.19750723897468, 243.39715421628796, 491.8348595050191, 475.5388116185745, 418.12642040877125], "ci_95_lower": [157.3044164055744, 0.0, 134.76236828223836, 383.2000735709694, 366.90402568452504, 309.49163447472165], "ci_95_upper": [287.66410386237146, 127.93353511662814, 266.1331820939414, 514.5708873826726, 498.2748394962279, 440.86244828642475], "member_no": "KTD-95635", "factory": "RKR-01", "n_seasons": 15, "series_length": 180}