{"status": "ok", "order": [0, 0, 0], "seasonal_order": [2, 0, 1, 12], "aic": 1954.58349908201, "n_obs": 180, "forecast_6mo": [339.5799793150949, 82.61369194301083, 299.65741275907953, 559.8288115588723, 502.40051041646814, 490.01489780564714], "ci_80_lower": [282.4207818886052, 25.454494516521073, 242.49821533258978, 502.66961413238255, 445.2413129899784, 432.8557003791574], "ci_80_upper": [396.7391767415846, 139.7728893695006, 356.8166101855693, 616.9880089853621, 559.5597078429579, 547.1740952321369], "ci_95_lower": [252.16253053415033, 0.0, 212.23996397813494, 472.4113627779277, 414.98306163552354, 402.59744902470254], "ci_95_upper": [426.9974280960394, 170.03114072395545, 387.07486154002413, 647.2462603398169, 589.8179591974127, 577.4323465865917], "member_no": "KTD-59508", "factory": "RKR-01", "n_seasons": 15, "series_length": 180}