{"status": "ok", "order": [0, 0, 1], "seasonal_order": [1, 0, 0, 12], "aic": 1956.1415276170126, "n_obs": 180, "forecast_6mo": [255.98099970409714, 67.65535890914693, 191.02934904925758, 433.1766249787442, 388.7657442053254, 443.88030448861684], "ci_80_lower": [191.69692375383386, 2.181797726875189, 125.55578786698584, 367.70306379647246, 323.29218302305367, 378.4067433063451], "ci_80_upper": [320.26507565436043, 133.12892009141865, 256.5029102315293, 498.65018616101594, 454.23930538759714, 509.3538656708886], "ci_95_lower": [157.66698953907377, 0.0, 90.8961782062258, 333.0434541357124, 288.6325733622936, 343.74713364558505], "ci_95_upper": [354.2950098691205, 167.7885297521787, 291.16251989228937, 533.309795821776, 488.8989150483572, 544.0134753316486], "member_no": "KTD-34666", "factory": "RKR-01", "n_seasons": 15, "series_length": 180}