{"status": "ok", "order": [0, 0, 0], "seasonal_order": [0, 1, 1, 12], "aic": 2022.286562685508, "n_obs": 180, "forecast_6mo": [656.3729631578424, 176.80195211248866, 586.8168600444527, 1196.4211183938128, 1211.654707974159, 1196.5587997871307], "ci_80_lower": [534.1913864805651, 54.62037543521144, 464.6352833671755, 1074.2395417165355, 1089.4731312968818, 1074.3772231098535], "ci_80_upper": [778.5545398351196, 298.9835287897659, 708.99843672173, 1318.60269507109, 1333.8362846514362, 1318.740376464408], "ci_95_lower": [469.5123667525639, 0.0, 399.9562636391742, 1009.5605219885342, 1024.7941115688805, 1009.6982033818522], "ci_95_upper": [843.2335595631209, 363.66254851776716, 773.6774564497312, 1383.2817147990913, 1398.5153043794376, 1383.4193961924093], "member_no": "KTD-45426", "factory": "RKR-01", "n_seasons": 15, "series_length": 180}