{"status": "ok", "order": [0, 0, 0], "seasonal_order": [0, 1, 1, 12], "aic": 1958.306364909486, "n_obs": 180, "forecast_6mo": [704.9883025784043, 190.64673103938162, 666.4336931513399, 1194.8008845820139, 1082.4692319426983, 1014.1990171671629], "ci_80_lower": [605.9091060036537, 91.56753446463102, 567.3544965765893, 1095.7216880072633, 983.3900353679478, 915.1198205924122], "ci_80_upper": [804.0674991531548, 289.7259276141322, 765.5128897260904, 1293.8800811567644, 1181.5484285174489, 1113.2782137419135], "ci_95_lower": [553.4597475638013, 39.118176024778705, 514.9051381367369, 1043.272329567411, 930.9406769280954, 862.6704621525599], "ci_95_upper": [856.5168575930072, 342.17528605398456, 817.9622481659428, 1346.3294395966168, 1233.9977869573013, 1165.7275721817657], "member_no": "KTD-86803", "factory": "RKR-01", "n_seasons": 15, "series_length": 180}