{"status": "ok", "order": [0, 0, 1], "seasonal_order": [1, 0, 0, 12], "aic": 2097.4097405118027, "n_obs": 180, "forecast_6mo": [472.1608347660493, 143.25906689877974, 432.1262484975064, 685.7379866727664, 676.4502623300252, 613.7107366678346], "ci_80_lower": [376.94188121125137, 46.78742785257444, 335.6546094513011, 589.2663476265611, 579.97862328382, 517.2390976216293], "ci_80_upper": [567.3797883208472, 239.73070594498503, 528.5978875437117, 782.2096257189717, 772.9219013762305, 710.1823757140398], "ci_95_lower": [326.5360119882871, 0.0, 284.58560858594757, 538.1973467612075, 528.9096224184664, 466.1700967562757], "ci_95_upper": [617.7856575438115, 290.7997068103386, 579.6668884090652, 833.2786265843253, 823.9909022415841, 761.2513765793934], "member_no": "KTD-36311", "factory": "RKR-01", "n_seasons": 15, "series_length": 180}