{"status": "ok", "order": [1, 0, 0], "seasonal_order": [0, 1, 1, 12], "aic": 1453.418908390147, "n_obs": 180, "forecast_6mo": [129.63792328626678, 36.92438331080366, 118.18659217919013, 226.98621278049296, 245.71741959622048, 214.76391661246413], "ci_80_lower": [107.42347262043928, 14.537754232583552, 95.7972940098725, 204.5968730755245, 223.3280792448473, 192.3745762510312], "ci_80_upper": [151.8523739520943, 59.31101238902377, 140.57589034850776, 249.3755524854614, 268.1067599475937, 237.15325697389707], "ci_95_lower": [95.66385278301595, 2.6869886493388933, 83.94511549514957, 192.7446725731562, 211.475878400293, 180.52237540115155], "ci_95_upper": [163.6119937895176, 71.16177797226842, 152.4280688632307, 261.2277529878297, 279.95896079214793, 249.0054578237767], "member_no": "KTD-72060", "factory": "RKR-01", "n_seasons": 15, "series_length": 180}