{"status": "ok", "order": [1, 0, 1], "seasonal_order": [0, 1, 1, 12], "aic": 760.1311702616654, "n_obs": 84, "forecast_6mo": [330.9324251836207, 90.57549907885995, 262.8210724492355, 455.42904292659796, 499.75384351887, 486.5929061267491], "ci_80_lower": [276.9902589035397, 35.49470632305283, 207.14428424451998, 399.43791333144713, 443.59628193549247, 430.34705519456816], "ci_80_upper": [384.8745914637017, 145.65629183466706, 318.497860653951, 511.4201725217488, 555.9114051022475, 542.83875705893], "ci_95_lower": [248.43500096791894, 6.33669594071219, 177.67077292950137, 369.79799973593583, 413.8682645673615, 400.57230026838363], "ci_95_upper": [413.42984939932245, 174.8143022170077, 347.9713719689696, 541.0600861172601, 585.6394224703785, 572.6135119851145], "member_no": "KTD-98871", "factory": "RKR-01", "n_seasons": 7, "series_length": 84}