{"status": "ok", "order": [1, 0, 0], "seasonal_order": [0, 1, 1, 12], "aic": 1730.8414421619445, "n_obs": 180, "forecast_6mo": [335.9590101964452, 82.83003124436898, 280.9483643205602, 541.2742032330233, 545.3407217301746, 484.79051580475914], "ci_80_lower": [285.6603063865677, 32.087771981681676, 230.198275953489, 490.5239760696253, 494.59049210597067, 434.04028613692606], "ci_80_upper": [386.2577140063227, 133.5722905070563, 331.69845268763135, 592.0244303964213, 596.0909513543784, 535.5407454725922], "ci_95_lower": [259.0337809767267, 5.226442498567607, 203.33280199286312, 463.65842863466224, 467.7249433683357, 407.1747373761952], "ci_95_upper": [412.8842394161637, 160.43361999017037, 358.5639266482573, 618.8899778313844, 622.9565000920134, 562.4062942333231], "member_no": "KTD-93233", "factory": "RKR-01", "n_seasons": 15, "series_length": 180}