{"status": "ok", "order": [0, 0, 0], "seasonal_order": [2, 1, 0, 12], "aic": 2211.4022184403475, "n_obs": 180, "forecast_6mo": [1157.7765505179996, 340.5126937420628, 1059.6519805622406, 1963.7719384182967, 1825.9345174105135, 1502.530478636209], "ci_80_lower": [942.8785087523047, 125.61465197636792, 844.7539387965458, 1748.8738966526018, 1611.0364756448187, 1287.632436870514], "ci_80_upper": [1372.6745922836944, 555.4107355077577, 1274.5500223279355, 2178.669980183992, 2040.8325591762084, 1717.4285204019038], "ci_95_lower": [829.1183571740908, 11.854500398154016, 730.9937872183318, 1635.113745074388, 1497.2763240666047, 1173.8722852923001], "ci_95_upper": [1486.4347438619084, 669.1708870859716, 1388.3101739061494, 2292.4301317622057, 2154.592710754422, 1831.1886719801178], "member_no": "KTD-99220", "factory": "RKR-01", "n_seasons": 15, "series_length": 180}