{"status": "ok", "order": [1, 0, 0], "seasonal_order": [1, 0, 1, 12], "aic": 1895.1611704103564, "n_obs": 180, "forecast_6mo": [311.3852831965827, 70.29492908994486, 252.50146912991215, 499.2669156239527, 460.3323871336144, 422.1544879265433], "ci_80_lower": [262.7504088251098, 19.907847023112943, 201.98811431107782, 448.74430077744216, 409.80909237126696, 371.63114323715973], "ci_80_upper": [360.0201575680556, 120.68201115677678, 303.0148239487465, 549.7895304704632, 510.8556818959619, 472.6778326159269], "ci_95_lower": [237.00466151616726, 0.0, 175.2479595209283, 421.9992440247461, 383.06367569286834, 344.88570012898464], "ci_95_upper": [385.7659048769981, 147.35532118980348, 329.754978738896, 576.5345872231593, 537.6010985743605, 499.423275724102], "member_no": "KTD-99946", "factory": "RKR-01", "n_seasons": 15, "series_length": 180}