{"status": "ok", "order": [0, 0, 1], "seasonal_order": [1, 0, 0, 12], "aic": 2236.6274861499187, "n_obs": 180, "forecast_6mo": [594.3703715934776, 178.46246489246522, 553.3931045163606, 1027.7120732503518, 855.4389694595188, 794.5754498235267], "ci_80_lower": [454.00069973630957, 36.61059343493392, 411.54123305882933, 885.8602017928205, 713.5870980019876, 652.7235783659954], "ci_80_upper": [734.7400434506455, 320.31433634999655, 695.2449759738919, 1169.5639447078831, 997.2908409170501, 936.427321281058], "ci_95_lower": [379.69348401553464, 0.0, 336.44938826549014, 810.7683569994813, 638.4952532086484, 577.6317335726562], "ci_95_upper": [809.0472591714205, 395.4061811433357, 770.3368207672311, 1244.6557895012222, 1072.3826857103893, 1011.5191660743972], "member_no": "KTD-59065", "factory": "RKR-01", "n_seasons": 15, "series_length": 180}