{"status": "ok", "order": [0, 0, 1], "seasonal_order": [2, 1, 0, 12], "aic": 1796.5846351656912, "n_obs": 168, "forecast_6mo": [507.65518316107364, 139.95773192422496, 483.25339367124997, 920.4582940236788, 831.8025047503811, 784.1853976486988], "ci_80_lower": [414.0813170674031, 45.5581166146289, 388.8537783616539, 826.0586787140828, 737.4028894407851, 689.7857823391028], "ci_80_upper": [601.2290492547442, 234.35734723382103, 577.653008980846, 1014.8579093332748, 926.2021200599771, 878.5850129582948], "ci_95_lower": [364.54630454187367, 0.0, 338.8816406059574, 776.0865409583862, 687.4307516850886, 639.8136445834061], "ci_95_upper": [650.7640617802736, 284.32948498951754, 627.6251467365425, 1064.8300470889715, 976.1742578156736, 928.5571507139914], "member_no": "KTD-53952", "factory": "RKR-01", "n_seasons": 14, "series_length": 168}