{"status": "ok", "order": [1, 0, 0], "seasonal_order": [0, 1, 1, 12], "aic": 1793.2641640472148, "n_obs": 180, "forecast_6mo": [375.4386921690291, 99.51449423123749, 359.2914040749124, 648.3469292449942, 645.9025256530897, 576.9670610540425], "ci_80_lower": [314.9679529481519, 38.670525131865396, 298.4428257761878, 587.4982938499054, 585.0538895506942, 516.1184249428848], "ci_80_upper": [435.9094313899063, 160.3584633306096, 420.139982373637, 709.1955646400829, 706.7511617554852, 637.8156971652002], "ci_95_lower": [282.9566772599628, 6.461673480664999, 266.23153416223727, 555.2869720109654, 552.8425673373285, 483.9071027248808], "ci_95_upper": [467.92070707809535, 192.56731498181, 452.35127398758755, 741.4068864790229, 738.9624839688508, 670.0270193832041], "member_no": "KTD-98238", "factory": "RKR-01", "n_seasons": 15, "series_length": 180}