{"status": "ok", "order": [1, 0, 2], "seasonal_order": [1, 0, 1, 12], "aic": 1927.5966771842377, "n_obs": 180, "forecast_6mo": [274.7055307503148, 60.50305157652187, 238.61608079744923, 470.5878750779185, 445.30487958856475, 407.9477993145341], "ci_80_lower": [218.65190071856946, 4.159408804582412, 182.26325602628705, 414.225905919454, 388.9338034945716, 351.5676535773754], "ci_80_upper": [330.75916078206006, 116.84669434846133, 294.96890556861143, 526.949844236383, 501.6759556825579, 464.32794505169284], "ci_95_lower": [188.97890139048343, 0.0, 152.4318725704174, 384.38968171735394, 359.0927583720125, 321.7218072757418], "ci_95_upper": [360.4321601101461, 146.6732171475526, 324.80028902448106, 556.7860684384831, 531.517000805117, 494.1737913533264], "member_no": "KTD-33216", "factory": "RKR-01", "n_seasons": 15, "series_length": 180}