{"status": "ok", "order": [0, 0, 0], "seasonal_order": [2, 1, 0, 12], "aic": 2032.8800834400101, "n_obs": 180, "forecast_6mo": [613.0243369314578, 126.45893981674391, 521.423131303293, 1096.2352443888467, 1099.7836959446365, 979.1093122832999], "ci_80_lower": [485.8371303414291, 0.0, 394.23592471326435, 969.0480377988181, 972.5964893546079, 851.9221056932713], "ci_80_upper": [740.2115435214865, 253.64614640677252, 648.6103378933216, 1223.4224509788753, 1226.9709025346651, 1106.2965188733285], "ci_95_lower": [418.50829020119755, 0.0, 326.9070845730329, 901.7191976585866, 905.2676492143764, 784.5932655530398], "ci_95_upper": [807.5403836617181, 320.97498654700405, 715.939178033553, 1290.7512911191068, 1294.2997426748966, 1173.62535901356], "member_no": "KTD-88137", "factory": "RKR-01", "n_seasons": 15, "series_length": 180}