{"status": "ok", "order": [0, 0, 0], "seasonal_order": [2, 1, 1, 12], "aic": 598.8765378919968, "n_obs": 72, "forecast_6mo": [290.92686683713987, 79.47572742764993, 235.5055672029208, 454.98648318243664, 409.2209611200734, 418.96084639651855], "ci_80_lower": [254.49111649817547, 43.03997708868552, 199.06981686395636, 418.55073284347225, 372.785210781109, 382.52509605755415], "ci_80_upper": [327.36261717610427, 115.91147776661434, 271.9413175418852, 491.42223352140104, 445.6567114590378, 455.39659673548294], "ci_95_lower": [235.20319536418108, 23.75205595469115, 179.781895729962, 399.2628117094779, 353.49728964711466, 363.2371749235598], "ci_95_upper": [346.6505383100986, 135.1993989006087, 291.22923867587957, 510.7101546553954, 464.94463259303217, 474.6845178694773], "member_no": "KTD-47232", "factory": "RKR-01", "n_seasons": 6, "series_length": 72}