{"status": "ok", "order": [0, 0, 1], "seasonal_order": [1, 0, 0, 12], "aic": 2035.6780231786577, "n_obs": 168, "forecast_6mo": [566.3166575156183, 166.05173631749847, 460.3816624679473, 929.3397687411205, 813.2366511541031, 701.8685709890684], "ci_80_lower": [447.7779762078592, 45.0396974144486, 339.36962356489744, 808.3277298380706, 692.2246122510533, 580.8565320860185], "ci_80_upper": [684.8553388233775, 287.06377522054834, 581.3937013709972, 1050.3518076441703, 934.248690057153, 822.8806098921183], "ci_95_lower": [385.0273888006689, 0.0, 275.30971973660087, 744.267826009774, 628.1647084227567, 516.796628257722], "ci_95_upper": [747.6059262305678, 351.1236790488449, 645.4536051992937, 1114.4117114724668, 998.3085938854496, 886.9405137204149], "member_no": "KTD-56985", "factory": "RKR-01", "n_seasons": 14, "series_length": 168}