{"status": "ok", "order": [1, 0, 0], "seasonal_order": [0, 1, 1, 12], "aic": 2024.226446557697, "n_obs": 180, "forecast_6mo": [772.6224442321155, 210.6163913469095, 720.8198620478652, 1307.0924449402946, 1234.895122916936, 1237.6398121756715], "ci_80_lower": [650.9887228292288, 87.69813754404892, 597.8744779498662, 1184.146484821495, 1111.9491505669182, 1114.6938395659356], "ci_80_upper": [894.2561656350023, 333.5346451497701, 843.7652461458641, 1430.0384050590942, 1357.841095266954, 1360.5857847854074], "ci_95_lower": [586.5997201648801, 22.62914450227524, 532.7911229973838, 1119.0628249420201, 1046.8654842126275, 1049.6101730741584], "ci_95_upper": [958.645168299351, 398.6036381915437, 908.8486010983465, 1495.122064938569, 1422.9247616212447, 1425.6694512771846], "member_no": "KTD-84005", "factory": "RKR-01", "n_seasons": 15, "series_length": 180}