{"status": "ok", "order": [0, 0, 0], "seasonal_order": [2, 1, 0, 12], "aic": 1570.7208527753296, "n_obs": 180, "forecast_6mo": [184.08542898943728, 51.24891232846136, 169.47010525948718, 281.96104781754684, 264.4861237762659, 276.94623395841074], "ci_80_lower": [152.06521564543596, 19.22869898446003, 137.44989191548586, 249.94083447354552, 232.4659104322646, 244.92602061440942], "ci_80_upper": [216.1056423334386, 83.26912567246268, 201.4903186034885, 313.98126116154816, 296.50633712026723, 308.96644730241206], "ci_95_lower": [135.1147386022253, 2.278221941249356, 120.49941487227518, 232.99035743033483, 215.5154333890539, 227.97554357119873], "ci_95_upper": [233.05611937664926, 100.21960271567336, 218.4407956466992, 330.93173820475886, 313.45681416347793, 325.91692434562276], "member_no": "KTD-77790", "factory": "RKR-01", "n_seasons": 15, "series_length": 180}