{"status": "ok", "order": [2, 0, 2], "seasonal_order": [0, 1, 1, 12], "aic": 1526.3382872836432, "n_obs": 180, "forecast_6mo": [224.52322891057773, 54.8875716373598, 162.23109151240348, 333.45433696417837, 289.735352407703, 281.2342162444696], "ci_80_lower": [197.2268481022872, 27.230672043833454, 134.29922688913027, 305.47200450482535, 261.73385053238326, 253.07575423898584], "ci_80_upper": [251.81960971886826, 82.54447123088615, 190.1629561356767, 361.4366694235314, 317.7368542830227, 309.3926782499534], "ci_95_lower": [182.7770169508547, 12.58999377570207, 119.51299092672815, 290.659052483798, 246.910750835518, 238.1695648682804], "ci_95_upper": [266.2694408703008, 97.18514949901753, 204.9491920980788, 376.2496214445587, 332.55995397988795, 324.2988676206588], "member_no": "KTD-64992", "factory": "RKR-01", "n_seasons": 15, "series_length": 180}