{"status": "ok", "order": [0, 0, 0], "seasonal_order": [0, 1, 2, 12], "aic": 1787.1255300156902, "n_obs": 180, "forecast_6mo": [403.0737001088672, 131.21260851016115, 339.62794714466645, 628.3531644794441, 651.9573302319699, 622.5358536834495], "ci_80_lower": [342.82715632247135, 70.96606472376531, 279.38140335827063, 568.1066206930483, 591.7107864455741, 562.2893098970537], "ci_80_upper": [463.320243895263, 191.45915229655697, 399.87449093106227, 688.5997082658399, 712.2038740183657, 682.7823974698454], "ci_95_lower": [310.9345625282641, 39.073470929558056, 247.48880956406336, 536.214026898841, 559.8181926513668, 530.3967161028464], "ci_95_upper": [495.21283768947023, 223.35174609076424, 431.76708472526957, 720.4923020600472, 744.096467812573, 714.6749912640527], "member_no": "KTD-82998", "factory": "RKR-01", "n_seasons": 15, "series_length": 180}