{"status": "ok", "order": [0, 0, 0], "seasonal_order": [0, 1, 1, 12], "aic": 1731.8184706348334, "n_obs": 180, "forecast_6mo": [296.7831718854543, 86.13070823933165, 264.62959510941863, 487.20191220562765, 459.3180582111498, 427.82061900096045], "ci_80_lower": [246.19524264291883, 35.542778996796194, 214.04166586688316, 436.6139829630922, 408.73012896861434, 377.232689758425], "ci_80_upper": [347.37110112798973, 136.71863748186712, 315.21752435195407, 537.7898414481631, 509.9059874536852, 478.4085482434959], "ci_95_lower": [219.41561053750672, 8.763146891384082, 187.26203376147106, 409.8343508576801, 381.9504968632022, 350.4530576530129], "ci_95_upper": [374.15073323340187, 163.49826958727922, 341.9971564573662, 564.5694735535752, 536.6856195590974, 505.188180348908], "member_no": "KTD-87709", "factory": "RKR-01", "n_seasons": 15, "series_length": 180}