{"status": "ok", "order": [1, 0, 0], "seasonal_order": [0, 1, 1, 12], "aic": 1517.739071456714, "n_obs": 180, "forecast_6mo": [160.5962981024099, 49.307566505163294, 140.30648189530035, 245.11437219976813, 251.82009339983563, 231.8655384352187], "ci_80_lower": [133.86537761469629, 22.21671550665547, 113.20593675192849, 218.0135642155172, 224.71927828781034, 204.7647231299], "ci_80_upper": [187.3272185901235, 76.39841750367111, 167.40702703867223, 272.21518018401906, 278.92090851186094, 258.9663537405374], "ci_95_lower": [119.71488307541605, 7.875685264354637, 98.8597747393235, 203.6672630633556, 210.37297336243293, 190.41841810219927], "ci_95_upper": [201.47771312940372, 90.73944774597194, 181.75318905127722, 286.56148133618063, 293.2672134372383, 273.3126587682381], "member_no": "KTD-21198", "factory": "RKR-01", "n_seasons": 15, "series_length": 180}