{"status": "ok", "order": [0, 0, 0], "seasonal_order": [2, 1, 0, 12], "aic": 826.6932856872481, "n_obs": 84, "forecast_6mo": [394.1354634904442, 96.21548668144082, 336.4185664206004, 682.3042597833323, 634.3395045517692, 556.453248980364], "ci_80_lower": [306.8080397589197, 8.888062949916332, 249.09114268907592, 594.9768360518078, 547.0120808202447, 469.12582524883953], "ci_80_upper": [481.4628872219687, 183.5429104129653, 423.74599015212493, 769.6316835148568, 721.6669282832937, 643.7806727118885], "ci_95_lower": [260.57969407922906, 0.0, 202.86279700938528, 548.7484903721172, 500.7837351405541, 422.8974795691489], "ci_95_upper": [527.6912329016593, 229.77125609265596, 469.97433583181555, 815.8600291945475, 767.8952739629843, 690.0090183915792], "member_no": "KTD-47357", "factory": "RKR-01", "n_seasons": 7, "series_length": 84}