{"status": "ok", "order": [0, 0, 1], "seasonal_order": [1, 0, 0, 12], "aic": 2248.649408738569, "n_obs": 180, "forecast_6mo": [541.0767247891084, 175.98492330838684, 497.15787819341665, 968.647245103126, 879.3910401990306, 804.3261984177619], "ci_80_lower": [397.44590734766155, 29.40412512942308, 350.5770800144529, 822.0664469241623, 732.8102420200669, 657.7454002387982], "ci_80_upper": [684.7075422305553, 322.56572148735063, 643.7386763723804, 1115.2280432820899, 1025.9718383779943, 950.9069965967257], "ci_95_lower": [321.41234543527884, 0.0, 272.9818926303098, 744.4712595400192, 655.2150546359237, 580.1502128546551], "ci_95_upper": [760.741104142938, 400.1609088714937, 721.3338637565234, 1192.8232306662328, 1103.5670257621375, 1028.5021839808687], "member_no": "KTD-10269", "factory": "RKR-01", "n_seasons": 15, "series_length": 180}