{"status": "ok", "order": [0, 0, 1], "seasonal_order": [0, 1, 1, 12], "aic": 1594.9811450394473, "n_obs": 180, "forecast_6mo": [251.23737116842813, 68.63151601751771, 204.3184600565263, 366.65628441930454, 375.489788959666, 351.87752157431885], "ci_80_lower": [217.6863166041029, 34.366058854879405, 170.053002893888, 332.3908272566662, 341.2243317970277, 317.61206441168054], "ci_80_upper": [284.78842573275335, 102.89697318015601, 238.58391721916462, 400.92174158194285, 409.7552461223043, 386.14297873695716], "ci_95_lower": [199.92546117011983, 16.2270215295947, 151.9139655686033, 314.25178993138155, 323.085294471743, 299.47302708639586], "ci_95_upper": [302.5492811667364, 121.03601050544071, 256.7229545444493, 419.06077890722753, 427.894283447589, 404.28201606224184], "member_no": "KTD-76152", "factory": "RKR-01", "n_seasons": 15, "series_length": 180}