{"status": "ok", "order": [0, 0, 0], "seasonal_order": [2, 1, 0, 12], "aic": 1639.9078688144605, "n_obs": 180, "forecast_6mo": [236.90223728315544, 65.0623486169007, 213.91695430335233, 382.94610386586726, 349.5344844119005, 324.6984626435422], "ci_80_lower": [197.78227235450183, 25.942383688247098, 174.7969893746987, 343.82613893721367, 310.4145194832469, 285.5784977148886], "ci_80_upper": [276.02220221180903, 104.18231354555431, 253.03691923200594, 422.06606879452085, 388.6544493405541, 363.8184275721958], "ci_95_lower": [177.07341384907983, 5.233525182825076, 154.0881308692767, 323.11728043179164, 289.7056609778249, 264.8696392094666], "ci_95_upper": [296.73106071723106, 124.89117205097634, 273.74577773742794, 442.7749272999429, 409.3633078459761, 384.5272860776178], "member_no": "KTD-56998", "factory": "RKR-01", "n_seasons": 15, "series_length": 180}