{"status": "ok", "order": [0, 0, 0], "seasonal_order": [1, 1, 0, 12], "aic": 575.0423280277575, "n_obs": 60, "forecast_6mo": [625.7218849751982, 162.52774544493357, 666.7463693565018, 1148.7708762677437, 1174.8007397007657, 1112.0750336596504], "ci_80_lower": [515.2431241738745, 52.04898464360994, 556.2676085551782, 1038.29211546642, 1064.321978899442, 1001.5962728583269], "ci_80_upper": [736.2006457765219, 273.00650624625723, 777.2251301578253, 1259.2496370690674, 1285.2795005020894, 1222.5537944609741], "ci_95_lower": [456.75920095304366, 0.0, 497.7836853343473, 979.8081922455892, 1005.8380556786112, 943.112349637496], "ci_95_upper": [794.6845689973528, 331.4904294670881, 835.7090533786562, 1317.7335602898982, 1343.7634237229202, 1281.037717681805], "member_no": "KTD-18942", "factory": "RKR-01", "n_seasons": 5, "series_length": 60}