{"status": "ok", "order": [0, 0, 0], "seasonal_order": [2, 1, 0, 12], "aic": 1709.3068931753432, "n_obs": 168, "forecast_6mo": [464.17392216528, 120.9425468893021, 397.7093157951225, 716.1750849685437, 713.0683861242634, 635.191439798077], "ci_80_lower": [392.816362014283, 49.58498673830513, 326.35175564412555, 644.8175248175468, 641.7108259732664, 563.83387964708], "ci_80_upper": [535.5314823162769, 192.30010704029905, 469.06687594611947, 787.5326451195407, 784.4259462752603, 706.548999949074], "ci_95_lower": [355.04195145041353, 11.810576174435653, 288.57734508025607, 607.0431142536772, 603.9364154093969, 526.0594690832106], "ci_95_upper": [573.3058928801464, 230.07451760416853, 506.84128650998895, 825.3070556834102, 822.2003568391299, 744.3234105129434], "member_no": "KTD-78856", "factory": "RKR-01", "n_seasons": 14, "series_length": 168}