{"status": "ok", "order": [1, 0, 3], "seasonal_order": [0, 1, 1, 12], "aic": 2110.6121552259838, "n_obs": 180, "forecast_6mo": [968.218849918565, 363.5150281208429, 871.6510312978384, 1603.4417867298116, 1571.7263841002361, 1422.8650503297906], "ci_80_lower": [815.7202910317635, 203.2309024005423, 711.0651785034041, 1440.7230889019668, 1408.0708824800263, 1258.7958895537165], "ci_80_upper": [1120.7174088053664, 523.7991538411435, 1032.2368840922727, 1766.1604845576564, 1735.381885720446, 1586.9342111058647], "ci_95_lower": [734.9924303594144, 118.38161160335804, 626.0561630414129, 1354.585013480657, 1321.4368930869423, 1171.9429222309775], "ci_95_upper": [1201.4452694777156, 608.6484446383278, 1117.2458995542638, 1852.2985599789663, 1822.01587511353, 1673.7871784286037], "member_no": "KTD-15875", "factory": "RKR-01", "n_seasons": 15, "series_length": 180}