{"status": "ok", "order": [0, 0, 0], "seasonal_order": [1, 0, 1, 12], "aic": 2109.549522852389, "n_obs": 180, "forecast_6mo": [543.9384333326751, 130.14605021435818, 471.1391440166625, 891.9711264084629, 838.2335848710463, 785.9291328688605], "ci_80_lower": [455.61319470140404, 41.82081158308712, 382.8139053853914, 803.6458877771918, 749.9083462397753, 697.6038942375894], "ci_80_upper": [632.2636719639462, 218.47128884562926, 559.4643826479336, 980.2963650397339, 926.5588235023174, 874.2543715001316], "ci_95_lower": [408.8566377206261, 0.0, 336.0573484046135, 756.8893307964138, 703.1517892589973, 650.8473372568114], "ci_95_upper": [679.0202289447241, 265.2278458264072, 606.2209396287114, 1027.052922020512, 973.3153804830954, 921.0109284809096], "member_no": "KTD-11581", "factory": "RKR-01", "n_seasons": 15, "series_length": 180}