{"status": "ok", "order": [0, 0, 1], "seasonal_order": [0, 1, 1, 12], "aic": 1990.8878123079394, "n_obs": 180, "forecast_6mo": [636.1419859044411, 194.1908483667302, 582.4898380596543, 1190.4612139189214, 1204.6276005178738, 1010.4722465871936], "ci_80_lower": [525.0448849340144, 79.90081882170836, 468.19980851463254, 1076.1711843738997, 1090.337570972852, 896.1822170421718], "ci_80_upper": [747.2390868748678, 308.48087791175203, 696.779867604676, 1304.7512434639432, 1318.9176300628956, 1124.7622761322154], "ci_95_lower": [466.23363220014517, 19.399331799802212, 407.69832149272645, 1015.6696973519936, 1029.836083950946, 835.6807300202657], "ci_95_upper": [806.050339608737, 368.9823649336582, 757.2813546265821, 1365.2527304858493, 1379.4191170848017, 1185.2637631541215], "member_no": "KTD-42510", "factory": "RKR-01", "n_seasons": 15, "series_length": 180}