{"status": "ok", "label": "minibonus_rate", "order": [1, 1, 1], "aic": -455.51203911118756, "n_obs": 150, "forecast": [4.180324196494817, 4.190493731768569, 4.200528673490771, 4.2104464855020165, 4.220262365667119, 4.229989539890975, 4.239639517985163, 4.249222316335218, 4.258746651676299, 4.268220109725981, 4.2776492919365365, 4.287039943205755], "ci_80_lower": [4.114650771151658, 4.102597644409003, 4.098349280522626, 4.0981383263238875, 4.100417857638648, 4.104365282656085, 4.109483969185844, 4.115450933351515, 4.122045806425075, 4.129113185918836, 4.1365408281148826, 4.144246177792514], "ci_80_upper": [4.245997621837975, 4.278389819128136, 4.302708066458916, 4.3227546446801455, 4.340106873695589, 4.355613797125866, 4.369795066784482, 4.382993699318921, 4.395447496927523, 4.407327033533125, 4.4187577557581905, 4.429833708618997], "ci_95_lower": [4.0798853597951235, 4.0560682663886185, 4.044258777246195, 4.038685978100519, 4.036976007321557, 4.0378638179264845, 4.0405837835978335, 4.044636640768777, 4.049680750192479, 4.055474428637215, 4.061842519552245, 4.068655724457693], "ci_95_upper": [4.28076303319451, 4.32491919714852, 4.356798569735347, 4.382206992903514, 4.403548724012681, 4.422115261855466, 4.438695252372492, 4.453807991901659, 4.467812553160119, 4.480965790814746, 4.493456064320828, 4.505424161953818], "factory": "RKR-01"}