{"status": "ok", "label": "monthly_rate", "order": [0, 1, 0], "aic": 40.81994461683179, "n_obs": 360, "forecast": [30.263370402908194, 30.296740805816388, 30.33011120872458, 30.363481611632775, 30.39685201454097, 30.430222417449162, 30.463592820357356, 30.49696322326555, 30.530333626173743, 30.563704029081936, 30.59707443199013, 30.630444834898324], "ci_80_lower": [29.936955605624295, 29.83512057253823, 29.76474419548657, 29.710652017064977, 29.666966338952353, 29.6306727196096, 29.599980442492594, 29.573722756709238, 29.551089234322042, 29.531489807682668, 29.514479023379515, 29.499710808422304], "ci_80_upper": [30.589785200192093, 30.758361039094545, 30.89547822196259, 31.016311206200573, 31.126737690129584, 31.229772115288725, 31.327205198222117, 31.42020368982186, 31.509578018025444, 31.595918250481205, 31.679669840600745, 31.761178861374344], "ci_95_lower": [29.764162049613788, 29.590753582137502, 29.46545697725588, 29.365064905043965, 29.28058820163895, 29.207416676542834, 29.14281166513429, 29.084988775907775, 29.032708566290527, 28.985068605689595, 28.94138763190141, 28.901136371960916], "ci_95_upper": [30.7625787562026, 31.002728029495273, 31.194765440193283, 31.361898318221584, 31.513115827442988, 31.65302815835549, 31.784373975580422, 31.908937670623324, 32.027958686056955, 32.142339452474275, 32.25276123207885, 32.35975329783573], "factory": "RKR-01"}