{"status": "ok", "label": "minibonus_rate", "order": [0, 1, 0], "aic": -173.1007076958157, "n_obs": 75, "forecast": [4.188918506705217, 4.207837013410433, 4.22675552011565, 4.245674026820867, 4.264592533526083, 4.2835110402313, 4.302429546936517, 4.321348053641733, 4.34026656034695, 4.359185067052167, 4.378103573757383, 4.3970220804626], "ci_80_lower": [4.095204220153224, 4.075304998380487, 4.0644376144125305, 4.058245453716881, 4.0550410183329335, 4.053958856569951, 4.0544848504261, 4.05628402358184, 4.059123700690972, 4.062834472250183, 4.067288447768576, 4.07238626905636], "ci_80_upper": [4.282632793257209, 4.34036902844038, 4.389073425818769, 4.433102599924852, 4.474144048719233, 4.513063223892649, 4.550374243446933, 4.586412083701626, 4.621409420002927, 4.655535661854151, 4.688918699746191, 4.72165789186884], "ci_95_lower": [4.045594873527244, 4.005146787561557, 3.978511705526036, 3.95902676046492, 3.944111146957891, 3.9324412708634355, 3.9232308565493534, 3.915967601943981, 3.91029566081303, 3.9059559436792943, 3.902752858915514, 3.900534451283372], "ci_95_upper": [4.332242139883189, 4.410527239259309, 4.474999334705264, 4.532321293176813, 4.585073920094276, 4.634580809599164, 4.68162823732368, 4.726728505339485, 4.770237459880869, 4.812414190425039, 4.853454288599253, 4.893509709641828], "factory": "RKR-01"}