{"status": "ok", "label": "monthly_rate", "order": [0, 1, 0], "aic": 140.8190091969197, "n_obs": 180, "forecast": [30.45784001389205, 30.51414044901144, 30.57044088413083, 30.62674131925022, 30.683041754369608, 30.739342189488998, 30.795642624608387, 30.851943059727777, 30.908243494847166, 30.964543929966556, 31.020844365085946, 31.077144800205335], "ci_80_lower": [30.006398485520993, 29.87570571697065, 29.78852122034561, 29.723858262508102, 29.673587809065523, 29.63354079627773, 29.601240609051658, 29.575073595646202, 29.553918909733994, 29.53696046992649, 29.523582200694566, 29.513305472634897], "ci_80_upper": [30.909281542263106, 31.152575181052228, 31.352360547916046, 31.529624375992334, 31.692495699673692, 31.845143582700263, 31.990044640165117, 32.12881252380935, 32.26256807996034, 32.39212739000662, 32.51810652947733, 32.64098412777577], "ci_95_lower": [29.767419776016574, 29.537738784871085, 29.374597953556716, 29.245900843499268, 29.139215169438472, 29.0481648986031, 28.968962375063825, 28.899139731447068, 28.83698278122074, 28.781243435604804, 28.730979488385074, 28.68545893905711], "ci_95_upper": [31.148260251767525, 31.490542113151793, 31.76628381470494, 32.007581795001165, 32.226868339300744, 32.4305194803749, 32.62232287415295, 32.80474638800849, 32.97950420847359, 33.147844424328305, 33.31070924178682, 33.46883066135356], "factory": "RKR-01"}