{"status": "ok", "label": "monthly_rate", "order": [2, 1, 2], "aic": 100.2064673125091, "n_obs": 180, "forecast": [29.795343377038915, 29.80921625066724, 29.823964177307523, 29.837991797784948, 29.852787122424356, 29.866957477136605, 29.881807520868264, 29.896109875162168, 29.91102089956999, 29.92544556079847, 29.940422987832505, 29.954961096123128], "ci_80_lower": [29.40172624436522, 29.252284722855464, 29.140279761289698, 29.047286497865144, 28.966847652589493, 28.894752341823494, 28.829549961674818, 28.769168816452435, 28.713350432992858, 28.660702767154582, 28.611395875038685, 28.564336463127393], "ci_80_upper": [30.188960509712608, 30.366147778479018, 30.50764859332535, 30.62869709770475, 30.73872659225922, 30.839162612449716, 30.93406508006171, 31.0230509338719, 31.108691366147124, 31.190188354442355, 31.269450100626326, 31.345585729118863], "ci_95_lower": [29.19335792090901, 28.95746298087034, 28.77835909342875, 28.62871239624235, 28.497859626689177, 28.380098031111235, 28.272518457573522, 28.172602255839884, 28.079341985549135, 27.991188374514127, 27.907851419441343, 27.82818425002125], "ci_95_upper": [30.39732883316882, 30.660969520464143, 30.869569261186296, 31.047271199327547, 31.207714618159535, 31.353816923161975, 31.491096584163007, 31.61961749448445, 31.742699813590846, 31.85970274708281, 31.972994556223668, 32.08173794222501], "factory": "WRU-01"}