{"status": "ok", "label": "minibonus_rate", "order": [0, 1, 0], "aic": -177.68656378202536, "n_obs": 75, "forecast": [4.0481080249477515, 4.066216049895503, 4.084324074843254, 4.102432099791005, 4.120540124738756, 4.1386481496865075, 4.156756174634259, 4.17486419958201, 4.192972224529761, 4.211080249477512, 4.229188274425264, 4.247296299373015], "ci_80_lower": [3.957252191942396, 3.9377264986386242, 3.9269571559139855, 3.9207204337802946, 3.917380305986413, 3.916097718667869, 3.9163742353424746, 3.917885097068253, 3.920404725513696, 3.923768878468689, 3.9278535663313123, 3.9325624615144776], "ci_80_upper": [4.138963857953106, 4.194705601152381, 4.241690993772522, 4.284143765801716, 4.3236999434911, 4.361198580705146, 4.397138113926043, 4.431843302095767, 4.4655397235458265, 4.498391620486336, 4.530522982519215, 4.5620301372315515], "ci_95_lower": [3.9091560192200627, 3.8697082388764614, 3.8436521411092954, 3.8245280883356276, 3.8098339943217043, 3.7982866369173847, 3.7891237233051718, 3.7818485775439274, 3.776116207346695, 3.7716754259292538, 3.7683366075592057, 3.765952431905098], "ci_95_upper": [4.18706003067544, 4.262723860914544, 4.324996008577212, 4.380336111246383, 4.431246255155808, 4.47900966245563, 4.524388625963345, 4.567879821620092, 4.609828241712827, 4.650485073025771, 4.690039941291321, 4.728640166840932], "factory": "WRU-01"}