{"status": "ok", "label": "monthly_rate", "order": [0, 1, 0], "aic": 18.662665120229317, "n_obs": 360, "forecast": [29.18178272980501, 29.213565459610024, 29.245348189415036, 29.27713091922005, 29.30891364902506, 29.340696378830074, 29.372479108635087, 29.4042618384401, 29.436044568245112, 29.467827298050125, 29.499610027855137, 29.53139275766015], "ci_80_lower": [28.86528698739759, 28.765972888264105, 28.69716148318615, 28.644139434405204, 28.601207654412804, 28.565443304168546, 28.53511008321429, 28.509076695748263, 28.486557341022845, 28.466979882296727, 28.449912402544744, 28.435019345202374], "ci_80_upper": [29.498278472212434, 29.661158030955942, 29.793534895643923, 29.910122404034894, 30.01661964363732, 30.115949453491602, 30.209848134055886, 30.299446981131936, 30.38553179546738, 30.468674713803523, 30.54930765316553, 30.627766170117926], "ci_95_lower": [28.697744261859942, 28.52903169353181, 28.406968970116374, 28.30905398332991, 28.22657073097503, 28.15504911648614, 28.09183369746372, 28.035194306283675, 27.9839291644099, 27.937163264205303, 27.894236045582872, 27.85463431906283], "ci_95_upper": [29.66582119775008, 29.898099225688238, 30.0837274087137, 30.245207855110188, 30.391256567075093, 30.52634364117401, 30.653124519806454, 30.773329370596525, 30.888159972080324, 30.998491331894947, 31.104984010127403, 31.20815119625747], "factory": "WRU-01"}