{"status": "ok", "label": "minibonus_rate", "order": [0, 1, 0], "aic": -461.2963116583161, "n_obs": 150, "forecast": [4.038993288590604, 4.0479865771812085, 4.056979865771813, 4.065973154362417, 4.074966442953021, 4.083959731543625, 4.092953020134229, 4.101946308724833, 4.110939597315437, 4.119932885906041, 4.1289261744966455, 4.13791946308725], "ci_80_lower": [3.9739214914758025, 3.9559611591734654, 3.944272207029162, 3.935829560132813, 3.9294614811862494, 3.9245670319664496, 3.920789227604413, 3.917895472709347, 3.9157242059710318, 3.914157795582894, 3.9131074390327165, 3.912504145601948], "ci_80_upper": [4.104065085705407, 4.140011995188952, 4.169687524514464, 4.19611674859202, 4.220471404719793, 4.2433524311208, 4.265116812664045, 4.285997144740319, 4.306154988659843, 4.325707976229189, 4.344744909960574, 4.363334780572551], "ci_95_lower": [3.9394745628652674, 3.907245845550349, 3.8846083765110175, 3.8669357029117433, 3.852435807197011, 3.84018963366456, 3.829651221070942, 3.820464845463114, 3.812383420139427, 3.8052270427763846, 3.7988599016514137, 3.7931764845656595], "ci_95_upper": [4.138512014315941, 4.188727308812068, 4.229351355032608, 4.2650106058130905, 4.297497078709031, 4.327729829422689, 4.356254819197516, 4.383427771986552, 4.409495774491448, 4.434638729035698, 4.458992447341877, 4.48266244160884], "factory": "WRU-01"}