{"status": "ok", "order": [0, 0, 1], "seasonal_order": [1, 0, 0, 12], "aic": 1966.3431129246833, "n_obs": 156, "forecast_6mo": [828.5840865849077, 207.89052898970527, 648.4707607743783, 993.1212369632008, 1064.1036076396201, 1039.3445048705244], "ci_80_lower": [676.9845687895794, 55.053496609051365, 495.63372839372437, 840.2842045825469, 911.2665752589662, 886.5074724898705], "ci_80_upper": [980.183604380236, 360.7275613703592, 801.3077931550322, 1145.9582693438547, 1216.940640020274, 1192.1815372511783], "ci_95_lower": [596.7326317226789, 0.0, 414.7266906769986, 759.3771668658211, 830.3595375422404, 805.6004347731447], "ci_95_upper": [1060.4355414471365, 441.63459908708495, 882.214830871758, 1226.8653070605806, 1297.8476777369997, 1273.0885749679042], "member_no": "KTD-51558", "factory": "WRU-01", "n_seasons": 13, "series_length": 156}