{"status": "ok", "order": [0, 0, 0], "seasonal_order": [0, 1, 1, 12], "aic": 1980.6642531282428, "n_obs": 180, "forecast_6mo": [673.1901071698302, 178.366982119236, 585.818899601903, 1066.541824056019, 1038.2300566625115, 960.1883545557391], "ci_80_lower": [567.0023316751646, 72.17920662457036, 479.6311241072374, 960.3540485613535, 932.0422811678459, 854.0005790610735], "ci_80_upper": [779.3778826644958, 284.55475761390164, 692.0066750965686, 1172.7295995506847, 1144.4178321571771, 1066.3761300504048], "ci_95_lower": [510.78991886408187, 15.966793813487726, 423.4187112961547, 904.1416357502708, 875.8298683567632, 797.7881662499908], "ci_95_upper": [835.5902954755785, 340.76717042498433, 748.2190879076513, 1228.9420123617674, 1200.6302449682598, 1122.5885428614874], "member_no": "KTD-53197", "factory": "WRU-01", "n_seasons": 15, "series_length": 180}