{"status": "ok", "order": [0, 0, 0], "seasonal_order": [0, 1, 1, 12], "aic": 2099.006659566948, "n_obs": 180, "forecast_6mo": [1099.599190519254, 239.02245941795144, 915.4095045141795, 1797.9768961445716, 1509.4260605764805, 1438.8202172902234], "ci_80_lower": [947.6432535669128, 87.06652246561009, 763.4535675618381, 1646.0209591922303, 1357.4701236241392, 1286.864280337882], "ci_80_upper": [1251.5551274715954, 390.9783963702928, 1067.365441466521, 1949.9328330969129, 1661.3819975288218, 1590.7761542425646], "ci_95_lower": [867.2026395954019, 6.625908494099292, 683.0129535903274, 1565.5803452207194, 1277.0295096526283, 1206.4236663663712], "ci_95_upper": [1331.9957414431062, 471.4190103418036, 1147.8060554380318, 2030.3734470684237, 1741.8226115003326, 1671.2167682140755], "member_no": "KTD-32935", "factory": "WRU-01", "n_seasons": 15, "series_length": 180}