{"status": "ok", "order": [1, 0, 0], "seasonal_order": [2, 1, 0, 12], "aic": 1160.559423210746, "n_obs": 132, "forecast_6mo": [219.20791062619438, 49.89872379811885, 216.61563995752877, 391.8340841422862, 391.63243416664716, 348.77509467416183], "ci_80_lower": [182.4877870222712, 12.589104437768256, 179.2870969587208, 354.50492883589294, 354.30325904294756, 311.44591890907066], "ci_80_upper": [255.92803423011756, 87.20834315846945, 253.94418295633673, 429.16323944867946, 428.96160929034676, 386.104270439253], "ci_95_lower": [163.0493277751293, 0.0, 159.52655993917801, 334.74406768029405, 334.5423873967004, 291.6850469232912], "ci_95_upper": [275.36649347725944, 106.95886260892864, 273.7047199758795, 448.92410060427835, 448.7224809365939, 405.86514242503245], "member_no": "KTD-79610", "factory": "WRU-01", "n_seasons": 11, "series_length": 132}