{"status": "ok", "order": [0, 0, 0], "seasonal_order": [2, 1, 1, 12], "aic": 1702.4804946673553, "n_obs": 180, "forecast_6mo": [267.709246963005, 54.42651393621169, 242.18208314219436, 461.9273018990502, 430.4003427695639, 407.09838271849793], "ci_80_lower": [222.8021235925475, 9.5193905657542, 197.27495977173686, 417.0201785285927, 385.4932193991064, 362.19125934804043], "ci_80_upper": [312.6163703334625, 99.33363730666917, 287.08920651265186, 506.8344252695077, 475.3074661400214, 452.0055060889554], "ci_95_lower": [199.02972846232666, 0.0, 173.50256464151602, 393.24778339837184, 361.72082426888556, 338.4188642178196], "ci_95_upper": [336.38876546368334, 123.10603243689002, 310.8616016428727, 530.6068203997285, 499.07986127024225, 475.7779012191763], "member_no": "KTD-77324", "factory": "WRU-01", "n_seasons": 15, "series_length": 180}