{"status": "ok", "order": [0, 0, 1], "seasonal_order": [1, 0, 0, 12], "aic": 1835.9480751908682, "n_obs": 180, "forecast_6mo": [197.94770793726485, 47.63601157208713, 204.3213586484564, 360.2506847497889, 345.6972809803312, 312.4323580787136], "ci_80_lower": [152.06033755281385, 1.1008546483222617, 157.78620172469152, 313.715527826024, 299.1621240565663, 265.89720115494873], "ci_80_upper": [243.83507832171586, 94.17116849585199, 250.85651557222127, 406.78584167355376, 392.23243790409606, 358.9675150024785], "ci_95_lower": [127.76903099846017, 0.0, 133.15197769050798, 289.08130379184047, 274.52790002238277, 241.26297712076519], "ci_95_upper": [268.12638487606955, 118.80539253003555, 275.4907396064048, 431.4200657077373, 416.8666619382796, 383.601739036662], "member_no": "KTD-11011", "factory": "WRU-01", "n_seasons": 15, "series_length": 180}