{"status": "ok", "order": [0, 0, 0], "seasonal_order": [2, 1, 1, 12], "aic": 1638.0596796979266, "n_obs": 180, "forecast_6mo": [249.65989183146422, 62.118214433603804, 218.1008398106996, 395.490082910425, 405.6718594437792, 375.62698475831723], "ci_80_lower": [212.2983051127341, 24.7566277148737, 180.7392530919695, 358.12849619169486, 368.3102727250491, 338.2653980395871], "ci_80_upper": [287.02147855019433, 99.4798011523339, 255.4624265294297, 432.8516696291551, 443.03344616250934, 412.98857147704734], "ci_95_lower": [192.52027580449402, 4.978598406633594, 160.9612237837294, 338.35046688345477, 348.532243416809, 318.48736873134703], "ci_95_upper": [306.7995078584344, 119.25783046057401, 275.2404558376698, 452.6296989373952, 462.81147547074943, 432.76660078528744], "member_no": "KTD-65465", "factory": "WRU-01", "n_seasons": 15, "series_length": 180}