{"status": "ok", "order": [0, 0, 1], "seasonal_order": [2, 0, 0, 12], "aic": 2113.739027983702, "n_obs": 180, "forecast_6mo": [546.8093925068758, 136.03173983987486, 501.1123977608692, 905.453041843846, 845.1954177175941, 872.2909774370696], "ci_80_lower": [455.3552400490542, 44.11760324898313, 409.1982611699773, 813.5389052529542, 753.2812811267023, 780.3768408461779], "ci_80_upper": [638.2635449646975, 227.9458764307666, 593.0265343517611, 997.3671784347378, 937.1095543084858, 964.2051140279614], "ci_95_lower": [406.94233614087307, 0.0, 360.5418563705284, 764.8825004535055, 704.6248763272536, 731.7204360467291], "ci_95_upper": [686.6764488728786, 276.60228123021534, 641.68293915121, 1046.0235832341864, 985.7659591079346, 1012.8615188274101], "member_no": "KTD-49568", "factory": "WRU-01", "n_seasons": 15, "series_length": 180}