{"status": "ok", "order": [0, 0, 0], "seasonal_order": [2, 1, 0, 12], "aic": 780.2217258906082, "n_obs": 72, "forecast_6mo": [1018.8001047238612, 232.9165643251642, 961.9026865659234, 1649.9553630647956, 1573.4327131217306, 1600.0580411043084], "ci_80_lower": [829.9383400766676, 44.05479967797061, 773.0409219187299, 1461.093598417602, 1384.570948474537, 1411.196276457115], "ci_80_upper": [1207.6618693710548, 421.77832897235777, 1150.764451213117, 1838.8171277119893, 1762.294477768924, 1788.9198057515018], "ci_95_lower": [729.9609610504831, 0.0, 673.0635428925453, 1361.1162193914174, 1284.5935694483524, 1311.2188974309302], "ci_95_upper": [1307.6392483972393, 521.7557079985422, 1250.7418302393016, 1938.7945067381738, 1862.2718567951088, 1888.8971847776866], "member_no": "KTD-24865", "factory": "WRU-01", "n_seasons": 6, "series_length": 72}