{"status": "ok", "order": [0, 0, 1], "seasonal_order": [1, 0, 0, 12], "aic": 1831.119665291691, "n_obs": 180, "forecast_6mo": [178.10366719815298, 45.52528582244903, 156.7514839025923, 310.8970073401034, 270.2769315554517, 256.86464238127417], "ci_80_lower": [132.95563324769563, 0.0, 110.67421201208154, 264.81973544959266, 224.19965966494095, 210.7873704907634], "ci_80_upper": [223.25170114861032, 91.6025577129598, 202.82875579310306, 356.9742792306142, 316.35420344596247, 302.9419142717849], "ci_95_lower": [109.05570775995083, 0.0, 86.2823776728454, 240.42790111035652, 199.8078253257048, 186.39553615152727], "ci_95_upper": [247.1516266363551, 115.99439205219593, 227.2205901323392, 381.3661135698503, 340.7460377851986, 327.33374861102106], "member_no": "KTD-70968", "factory": "WRU-01", "n_seasons": 15, "series_length": 180}