{"status": "ok", "order": [1, 0, 0], "seasonal_order": [2, 1, 0, 12], "aic": 1920.1599961847678, "n_obs": 180, "forecast_6mo": [484.45270033893956, 127.85717597977049, 489.789335606891, 847.6721639113331, 857.8966416317768, 755.2761781442457], "ci_80_lower": [394.02920068508047, 36.2968678206076, 398.2004467726645, 756.0825520402426, 766.3070114663727, 663.6865475159561], "ci_80_upper": [574.8761999927987, 219.4174841389334, 581.3782244411175, 939.2617757824236, 949.4862717971808, 846.8658087725353], "ci_95_lower": [346.16189141443044, 0.0, 349.7162177352409, 707.5979402502235, 717.822389991929, 615.2019257964755], "ci_95_upper": [622.7435092634487, 267.8865834808944, 629.862453478541, 987.7463875724427, 997.9708932716246, 895.3504304920159], "member_no": "KTD-55078", "factory": "WRU-01", "n_seasons": 15, "series_length": 180}