{"status": "ok", "order": [0, 0, 1], "seasonal_order": [1, 0, 0, 12], "aic": 2073.0870057468073, "n_obs": 180, "forecast_6mo": [292.1903076738337, 105.34455046420345, 278.3476920575455, 592.2445921645053, 566.5017246954159, 544.4495909136513], "ci_80_lower": [201.42620309125795, 11.550438931013119, 184.55358052435514, 498.450480631315, 472.7076131622255, 450.6554793804609], "ci_80_upper": [382.9544122564094, 199.1386619973938, 372.14180359073583, 686.0387036976956, 660.2958362286062, 638.2437024468416], "ci_95_lower": [153.37858846277064, 0.0, 134.90197710586864, 448.7988772128285, 423.056009743739, 401.0038759619744], "ci_95_upper": [431.00202688489674, 248.7902654158803, 421.79340700922234, 735.6903071161821, 709.9474396470928, 687.895305865328], "member_no": "KTD-26896", "factory": "WRU-01", "n_seasons": 15, "series_length": 180}