{"status": "ok", "order": [2, 0, 1], "seasonal_order": [0, 1, 1, 12], "aic": 1615.851006599867, "n_obs": 156, "forecast_6mo": [577.3881912300516, 167.57922870182125, 504.4672608202276, 852.852613916621, 826.4499159350291, 800.9937377517759], "ci_80_lower": [500.28757281398987, 89.95645479361251, 426.42712977964993, 774.1694866064549, 747.336060061948, 721.6516133819924], "ci_80_upper": [654.4888096461133, 245.20200261002998, 582.5073918608052, 931.535741226787, 905.5637718081102, 880.3358621215594], "ci_95_lower": [459.4729708487087, 48.865440407603856, 385.1151798734735, 732.5171550360643, 705.4557145636328, 679.6504298407987], "ci_95_upper": [695.3034116113945, 286.29301699603866, 623.8193417669817, 973.1880727971776, 947.4441173064255, 922.3370456627532], "member_no": "KTD-64454", "factory": "WRU-01", "n_seasons": 13, "series_length": 156}