{"status": "ok", "order": [0, 0, 1], "seasonal_order": [0, 1, 1, 12], "aic": 1757.808870649931, "n_obs": 156, "forecast_6mo": [783.8510853763482, 254.41690013955937, 713.1937504581489, 1313.2224979490134, 1202.92969024766, 1123.1286194358674], "ci_80_lower": [655.6231566105139, 124.5858337654673, 583.3626840841002, 1183.3914315749648, 1073.0986238736114, 993.2975530618188], "ci_80_upper": [912.0790141421826, 384.2479665136515, 843.0248168321975, 1443.053564323062, 1332.7607566217084, 1252.9596858099162], "ci_95_lower": [587.743391429283, 55.85741879749244, 514.6342691161484, 1114.6630166070129, 1004.3702089056594, 924.569138093867], "ci_95_upper": [979.9587793234135, 452.9763814816263, 911.7532318001494, 1511.7819792910138, 1401.4891715896604, 1321.688100777868], "member_no": "KTD-84021", "factory": "WRU-01", "n_seasons": 13, "series_length": 156}