{"status": "ok", "order": [0, 0, 0], "seasonal_order": [2, 1, 0, 12], "aic": 550.8926819721721, "n_obs": 60, "forecast_6mo": [466.64843505435437, 103.03149809367527, 416.9280015082061, 772.8351962911912, 793.7763666656017, 691.925383944951], "ci_80_lower": [382.62490590702197, 19.00796894634287, 332.9044723608737, 688.8116671438588, 709.7528375182693, 607.9018547976186], "ci_80_upper": [550.6719642016868, 187.05502724100768, 500.9515306555385, 856.8587254385236, 877.7998958129341, 775.9489130922834], "ci_95_lower": [338.1455363725207, 0.0, 288.4251028263725, 644.3322976093576, 665.2734679837681, 563.4224852631174], "ci_95_upper": [595.151333736188, 231.53439677550887, 545.4309001900397, 901.3380949730248, 922.2792653474353, 820.4282826267846], "member_no": "KTD-56157", "factory": "WRU-01", "n_seasons": 5, "series_length": 60}