{"status": "ok", "order": [0, 0, 0], "seasonal_order": [2, 1, 0, 12], "aic": 1184.2944770689182, "n_obs": 108, "forecast_6mo": [651.0371919228403, 164.16382206019316, 535.0226908189995, 1105.8956578942405, 1007.3603169527639, 976.3877545018559], "ci_80_lower": [515.3009266660883, 28.427556803441263, 399.28642556224764, 970.1593926374885, 871.624051696012, 840.6514892451039], "ci_80_upper": [786.7734571795922, 299.900087316945, 670.7589560757515, 1241.6319231509924, 1143.0965822095159, 1112.1240197586078], "ci_95_lower": [443.4464882384707, 0.0, 327.43198713462994, 898.3049542098709, 799.7696132683943, 768.7970508174863], "ci_95_upper": [858.6278956072099, 371.7545257445628, 742.6133945033691, 1313.48636157861, 1214.9510206371335, 1183.9784581862255], "member_no": "KTD-42313", "factory": "WRU-01", "n_seasons": 9, "series_length": 108}