{"status": "ok", "order": [0, 0, 0], "seasonal_order": [2, 1, 0, 12], "aic": 1151.1936212591613, "n_obs": 144, "forecast_6mo": [134.620894807205, 33.1441157416867, 120.25626045983638, 235.81608061148384, 216.1244130655588, 223.22506336524987], "ci_80_lower": [111.48337840753953, 10.006599342021232, 97.11874406017091, 212.67856421181838, 192.98689666589334, 200.0875469655844], "ci_80_upper": [157.75841120687045, 56.28163214135216, 143.39377685950186, 258.9535970111493, 239.26192946522426, 246.36257976491532], "ci_95_lower": [99.23511708722845, 0.0, 84.87048273985985, 200.4303028915073, 180.73863534558225, 187.83928564527332], "ci_95_upper": [170.00667252718154, 68.52989346166324, 155.64203817981291, 271.20185833146036, 251.51019078553534, 258.6108410852264], "member_no": "KTD-54666", "factory": "WRU-01", "n_seasons": 12, "series_length": 144}