{"status": "ok", "order": [0, 0, 1], "seasonal_order": [2, 1, 1, 12], "aic": 1836.451959007009, "n_obs": 180, "forecast_6mo": [455.729661079787, 86.4720531924606, 386.2538836149235, 714.3520897601553, 660.3068400670381, 615.598537217005], "ci_80_lower": [387.7995896133693, 18.293227403345355, 318.07505782580824, 646.1732639710401, 592.1280142779228, 547.4197114278898], "ci_80_upper": [523.6597325462046, 154.65087898157586, 454.43270940403875, 782.5309155492705, 728.4856658561534, 683.7773630061201], "ci_95_lower": [351.8395819593014, 0.0, 281.98336758764935, 610.0815737328812, 556.0363240397639, 511.3280211897308], "ci_95_upper": [559.6197402002725, 190.74256921973478, 490.52439964219764, 818.6226057874294, 764.5773560943123, 719.869053244279], "member_no": "KTD-22354", "factory": "WRU-01", "n_seasons": 15, "series_length": 180}