{"status": "ok", "order": [0, 0, 1], "seasonal_order": [1, 1, 2, 12], "aic": 1858.051056482316, "n_obs": 168, "forecast_6mo": [708.8280065233014, 213.21418331710288, 670.2322119743483, 1230.2304268442774, 1044.7740358108665, 1027.8039250704012], "ci_80_lower": [598.7199652553007, 101.26373823181851, 558.2817668890914, 1118.2799817590203, 932.8235907256094, 915.8534799851442], "ci_80_upper": [818.936047791302, 325.1646284023873, 782.1826570596052, 1342.1808719295345, 1156.7244808961236, 1139.7543701556583], "ci_95_lower": [540.4322891010196, 42.0007524106816, 499.01878106796903, 1059.0169959378977, 873.560604904487, 856.5904941640217], "ci_95_upper": [877.2237239455832, 384.4276142235242, 841.4456428807275, 1401.4438577506571, 1215.987466717246, 1199.0173559767807], "member_no": "KTD-33849", "factory": "WRU-01", "n_seasons": 14, "series_length": 168}