{"status": "ok", "order": [1, 0, 0], "seasonal_order": [1, 1, 1, 12], "aic": 783.6526282946197, "n_obs": 96, "forecast_6mo": [204.97349700675124, 56.354289720868884, 177.0872412457968, 329.1816703814517, 318.1926572117776, 299.69279452931113], "ci_80_lower": [176.5252401693728, 27.264164163921112, 147.96814579813926, 300.0612528600086, 289.07217932603453, 270.5723138873454], "ci_80_upper": [233.42175384412968, 85.44441527781666, 206.20633669345435, 358.30208790289475, 347.31313509752067, 328.81327517127687], "ci_95_lower": [161.4656426813479, 11.864781900606644, 132.55342780104485, 284.64583499932775, 273.6567295104235, 255.15686261267822], "ci_95_upper": [248.4813513321546, 100.84379754113112, 221.62105469054876, 373.7175057635756, 362.7285849131317, 344.22872644594406], "member_no": "KTD-63114", "factory": "WRU-01", "n_seasons": 8, "series_length": 96}