{"status": "ok", "order": [0, 0, 0], "seasonal_order": [2, 1, 0, 12], "aic": 1391.4985592145895, "n_obs": 132, "forecast_6mo": [606.3166377812997, 125.58311929270224, 504.09609120629733, 931.6539832294502, 899.8681588551303, 831.4377448318775], "ci_80_lower": [508.41710608579984, 27.68358759720236, 406.19655951079744, 833.7544515339504, 801.9686271596305, 733.5382131363776], "ci_80_upper": [704.2161694767996, 223.48265098820212, 601.9956229017972, 1029.5535149249502, 997.7676905506302, 929.3372765273773], "ci_95_lower": [456.59222451122014, 0.0, 354.37167793621774, 781.9295699593706, 750.1437455850507, 681.7133315617979], "ci_95_upper": [756.0410510513793, 275.30753256278183, 653.820504476377, 1081.3783964995298, 1049.59257212521, 981.1621581019571], "member_no": "KTD-83301", "factory": "WRU-01", "n_seasons": 11, "series_length": 132}