{"status": "ok", "order": [0, 0, 0], "seasonal_order": [0, 1, 1, 12], "aic": 1961.412160722768, "n_obs": 180, "forecast_6mo": [666.3793132411887, 216.30655836886956, 596.2483119815093, 1056.9374367137218, 1029.0855611533964, 950.4700078325387], "ci_80_lower": [565.7432119406354, 115.67045706831628, 495.6122106809561, 956.3013354131685, 928.4494598528431, 849.8339065319855], "ci_80_upper": [767.015414541742, 316.9426596694228, 696.8844132820626, 1157.573538014275, 1129.7216624539496, 1051.106109133092], "ci_95_lower": [512.4696779236355, 62.39692305131629, 442.3386766639561, 903.0278013961686, 875.1759258358431, 796.5603725149855], "ci_95_upper": [820.2889485587419, 370.2161936864228, 750.1579472990626, 1210.847072031275, 1182.9951964709496, 1104.379643150092], "member_no": "KTD-65637", "factory": "WRU-01", "n_seasons": 15, "series_length": 180}