{"status": "ok", "order": [1, 0, 2], "seasonal_order": [0, 1, 1, 12], "aic": 2321.019009215167, "n_obs": 180, "forecast_6mo": [1940.3032230819094, 575.6760324504594, 2035.1460754491113, 3537.8597255102723, 3125.6165187443307, 2962.7656778238324], "ci_80_lower": [1652.7646504203162, 284.4379674603785, 1740.5851723445428, 3241.2900784834183, 2827.828134591501, 2664.2362726155698], "ci_80_upper": [2227.8417957435026, 866.9140974405402, 2329.7069785536796, 3834.4293725371263, 3423.4049028971604, 3261.295083032095], "ci_95_lower": [1500.5509245910664, 130.26584869002397, 1584.654049329812, 3084.295590669253, 2670.1884863140494, 2506.204351486788], "ci_95_upper": [2380.0555215727522, 1021.0862162108948, 2485.6381015684105, 3991.4238603512913, 3581.044551174612, 3419.327004160877], "member_no": "KTD-12085", "factory": "WRU-01", "n_seasons": 15, "series_length": 180}