{"status": "ok", "order": [2, 0, 2], "seasonal_order": [1, 1, 1, 12], "aic": 1738.521815484697, "n_obs": 180, "forecast_6mo": [424.01301572202806, 101.57450807296412, 393.67747105405806, 746.525945872877, 636.3091614251072, 596.5961394848471], "ci_80_lower": [372.76661334820926, 50.28272795084639, 341.8452803102125, 693.7865090016519, 583.4253379866678, 543.5448077885258], "ci_80_upper": [475.25941809584685, 152.86628819508184, 445.5096617979036, 799.265382744102, 689.1929848635465, 649.6474711811684], "ci_95_lower": [345.6384066229007, 23.130499696619495, 314.4069759533971, 665.8679375557489, 555.4303329090891, 515.4611291955874], "ci_95_upper": [502.38762482115544, 180.01851644930875, 472.94796615471904, 827.183954190005, 717.1879899411252, 677.7311497741067], "member_no": "KTD-65753", "factory": "WRU-01", "n_seasons": 15, "series_length": 180}