{"status": "ok", "order": [1, 0, 1], "seasonal_order": [0, 1, 1, 12], "aic": 2075.4729159844173, "n_obs": 180, "forecast_6mo": [1105.4747236363403, 296.6163063530014, 994.5637254775183, 1735.4931792890118, 1641.8432353107705, 1528.1372809854442], "ci_80_lower": [965.3207919865829, 155.34443292584888, 852.5845963059187, 1593.065539777031, 1499.1307449245653, 1385.2437109223501], "ci_80_upper": [1245.6286552860977, 437.8881797801539, 1136.542854649118, 1877.9208188009925, 1784.5557256969757, 1671.0308510485384], "ci_95_lower": [891.1277822329489, 80.55962054336291, 777.4253853480348, 1517.668901786835, 1423.583315990149, 1309.600424197321], "ci_95_upper": [1319.8216650397317, 512.6729921626398, 1211.702065607002, 1953.3174567911885, 1860.103154631392, 1746.6741377735675], "member_no": "KTD-78563", "factory": "WRU-01", "n_seasons": 15, "series_length": 180}