{"status": "ok", "order": [0, 0, 1], "seasonal_order": [1, 0, 0, 12], "aic": 2054.8752055594077, "n_obs": 180, "forecast_6mo": [416.61647258027574, 114.40356388833898, 359.3955143855154, 604.6687415193131, 475.7502830678713, 525.8175243864675], "ci_80_lower": [331.4673108983859, 27.986029123456404, 272.9779796206328, 518.2512067544305, 389.3327483029887, 439.39998962158495], "ci_80_upper": [501.7656342621656, 200.82109865322155, 445.813049150398, 691.0862762841957, 562.1678178327538, 612.2350591513501], "ci_95_lower": [286.3920674941161, 0.0, 227.23130006462603, 472.5045271984237, 343.58606874698194, 393.6533100655781], "ci_95_upper": [546.8408776664354, 246.56777820922838, 491.5597287064048, 736.8329558402025, 607.9144973887607, 657.981738707357], "member_no": "KTD-50274", "factory": "WRU-01", "n_seasons": 15, "series_length": 180}