{"status": "ok", "order": [0, 0, 0], "seasonal_order": [2, 1, 0, 12], "aic": 1656.6724247802258, "n_obs": 180, "forecast_6mo": [250.72884410629817, 67.5482259318294, 230.97243802249778, 428.47759103104954, 370.15283466756125, 369.53339973437835], "ci_80_lower": [209.56201695552505, 26.381398781056298, 189.80561087172467, 387.31076388027645, 328.98600751678816, 328.36657258360526], "ci_80_upper": [291.8956712570713, 108.71505308260251, 272.13926517327087, 469.64441818182263, 411.31966181833434, 410.70022688515144], "ci_95_lower": [187.7696150416344, 4.588996867165648, 168.01320895783402, 365.5183619663858, 307.1936056028975, 306.5741706697146], "ci_95_upper": [313.68807317096196, 130.50745499649315, 293.93166708716154, 491.4368200957133, 433.112063732225, 432.4926287990421], "member_no": "KTD-43315", "factory": "WRU-01", "n_seasons": 15, "series_length": 180}