{"status": "ok", "order": [0, 0, 1], "seasonal_order": [1, 1, 1, 12], "aic": 1156.4428502003414, "n_obs": 132, "forecast_6mo": [224.54870364646538, 52.00781660612608, 204.95631549067517, 362.94389055183973, 317.75482098570285, 320.88803529039086], "ci_80_lower": [189.91549998513418, 17.156326092127145, 170.10482497667624, 328.0924000378408, 282.9033304717039, 286.0365447763919], "ci_80_upper": [259.1819073077966, 86.85930712012501, 239.8078060046741, 397.7953810658387, 352.6063114997018, 355.7395258043898], "ci_95_lower": [171.5817894227649, 0.0, 151.65556033460024, 309.6431353957648, 264.4540658296279, 267.5872801343159], "ci_95_upper": [277.5156178701659, 105.308571762201, 258.2570706467501, 416.2446457079147, 371.0555761417778, 374.1887904464658], "member_no": "KTD-44169", "factory": "WRU-01", "n_seasons": 11, "series_length": 132}