{"status": "ok", "order": [0, 0, 0], "seasonal_order": [0, 1, 1, 12], "aic": 2033.92361708, "n_obs": 180, "forecast_6mo": [739.0250543760038, 216.13085475843152, 631.6209861101896, 1211.0307841885933, 1159.9948920582574, 1076.731518563339], "ci_80_lower": [614.5397805509344, 91.64558093336217, 507.13571228512023, 1086.545510363524, 1035.5096182331881, 952.2462447382696], "ci_80_upper": [863.5103282010732, 340.6161285835009, 756.106259935259, 1335.5160580136626, 1284.4801658833267, 1201.2167923884083], "ci_95_lower": [548.6412572175497, 25.747057599977325, 441.23718895173545, 1020.6469870301391, 969.6110948998032, 886.3477214048849], "ci_95_upper": [929.408851534458, 406.5146519168857, 822.0047832686438, 1401.4145813470475, 1350.3786892167116, 1267.1153157217932], "member_no": "KTD-95745", "factory": "WRU-01", "n_seasons": 15, "series_length": 180}