{"status": "ok", "order": [0, 0, 2], "seasonal_order": [1, 0, 1, 12], "aic": 1839.4943371310237, "n_obs": 180, "forecast_6mo": [237.06373810518255, 54.75680726860659, 203.30347733210394, 429.9314167902208, 410.36241996268643, 365.488627248205], "ci_80_lower": [194.72952031501285, 11.750908089768352, 159.93260826730005, 386.56054772541694, 366.9915508978826, 322.1177581834011], "ci_80_upper": [279.39795589535225, 97.76270644744483, 246.67434639690782, 473.30228585502465, 453.7332890274903, 408.85949631300883], "ci_95_lower": [172.3191391259386, 0.0, 136.97345704213254, 363.6013965002494, 344.03239967271503, 299.1586069582336], "ci_95_upper": [301.8083370844265, 120.52865428551868, 269.6334976220753, 496.2614370801922, 476.69244025265783, 431.8186475381764], "member_no": "KTD-65696", "factory": "WRU-01", "n_seasons": 15, "series_length": 180}