{"status": "ok", "order": [2, 0, 0], "seasonal_order": [2, 1, 0, 12], "aic": 1627.2995815799798, "n_obs": 180, "forecast_6mo": [208.0774938692291, 58.53297827891487, 224.3236641951357, 378.4905975464608, 323.64763133922537, 298.0250972640059], "ci_80_lower": [170.5234868439235, 20.509406368382933, 186.15133031741695, 340.29883507835126, 285.4553795314153, 259.832464795763], "ci_80_upper": [245.6315008945347, 96.5565501894468, 262.49599807285443, 416.6823600145703, 361.83988314703544, 336.21772973224887], "ci_95_lower": [150.64359637835082, 0.3809432677120057, 165.94411738823572, 320.08133727467964, 265.23762268695367, 239.6145064418404], "ci_95_upper": [265.5113913601074, 116.68501329011772, 282.7032110020357, 436.8998578182419, 382.05763999149707, 356.43568808617147], "member_no": "KTD-83306", "factory": "WRU-01", "n_seasons": 15, "series_length": 180}