{"status": "ok", "order": [0, 0, 1], "seasonal_order": [2, 1, 0, 12], "aic": 819.7252243107196, "n_obs": 96, "forecast_6mo": [245.113680288506, 50.70186709886902, 216.511306401372, 427.03404830410557, 429.17758436871173, 409.5151269535879], "ci_80_lower": [207.24840409632031, 11.147738781640136, 176.95717808414304, 387.4799199868766, 389.6234560514828, 369.96099863635897], "ci_80_upper": [282.9789564806917, 90.2559954160979, 256.06543471860095, 466.5881766213345, 468.7317126859407, 449.0692552708169], "ci_95_lower": [187.20373768716547, 0.0, 156.0184873639264, 366.54122926665997, 368.68476533126614, 349.0223079161423], "ci_95_upper": [303.02362288984654, 111.19468613631454, 277.0041254388176, 487.52686734155117, 489.67040340615733, 470.0079459910335], "member_no": "KTD-46137", "factory": "WRU-01", "n_seasons": 8, "series_length": 96}