{"status": "ok", "order": [0, 0, 0], "seasonal_order": [2, 1, 0, 12], "aic": 537.4484506134706, "n_obs": 60, "forecast_6mo": [432.5754709016108, 114.53351701465962, 405.74339280366627, 687.1870949222942, 656.5561263370835, 628.6957057964256], "ci_80_lower": [367.1584515103963, 49.11649762344513, 340.32637341245174, 621.7700755310798, 591.139106945869, 563.2786864052111], "ci_80_upper": [497.9924902928253, 179.95053640587412, 471.1604121948808, 752.6041143135087, 721.9731457282979, 694.1127251876401], "ci_95_lower": [332.5287732658014, 14.48681937885027, 305.6966951678569, 587.1403972864849, 556.5094287012741, 528.6490081606163], "ci_95_upper": [532.6221685374202, 214.58021465046897, 505.79009043947565, 787.2337925581036, 756.6028239728928, 728.7424034322349], "member_no": "KTD-30228", "factory": "WRU-01", "n_seasons": 5, "series_length": 60}