{"status": "ok", "order": [0, 0, 1], "seasonal_order": [0, 1, 1, 12], "aic": 1817.970021086554, "n_obs": 180, "forecast_6mo": [388.42204311069946, 123.83749266552896, 347.3523378005721, 630.8439319977388, 588.6427694232302, 564.4662047484437], "ci_80_lower": [323.57770597640035, 58.45032592837293, 281.96517106341616, 565.4567652605829, 523.2556026860743, 499.07903801128776], "ci_80_upper": [453.2663802449986, 189.22465940268498, 412.73950453772807, 696.2310987348947, 654.0299361603861, 629.8533714855996], "ci_95_lower": [289.2511874061216, 23.836450724246944, 247.3512958592902, 530.8428900564569, 488.64172748194835, 464.46516280716185], "ci_95_upper": [487.59289881527735, 223.83853460681098, 447.35337974185404, 730.8449739390206, 688.6438113645121, 664.4672466897256], "member_no": "KTD-27687", "factory": "WRU-01", "n_seasons": 15, "series_length": 180}