{"status": "ok", "order": [1, 0, 0], "seasonal_order": [0, 1, 2, 12], "aic": 2163.6635443474424, "n_obs": 180, "forecast_6mo": [1180.3141616247644, 284.1679421696598, 1048.8698296141772, 1925.5653288945264, 1869.642175356112, 1701.6140411968518], "ci_80_lower": [1001.5764428193972, 103.81792384147616, 868.4906998312409, 1745.1856711196758, 1689.2625080043413, 1521.234373671371], "ci_80_upper": [1359.0518804301316, 464.51796049784343, 1229.2489593971136, 2105.944986669377, 2050.0218427078826, 1881.9937087223325], "ci_95_lower": [906.958409928189, 8.34639113892456, 773.0037564554318, 1649.6984482418306, 1593.7752800567812, 1425.7471456318544], "ci_95_upper": [1453.66991332134, 559.989493200395, 1324.7359027729226, 2201.432209547222, 2145.509070655443, 1977.480936761849], "member_no": "KTD-25606", "factory": "WRU-01", "n_seasons": 15, "series_length": 180}