{"status": "ok", "order": [0, 0, 1], "seasonal_order": [2, 1, 0, 12], "aic": 1849.2191628572464, "n_obs": 180, "forecast_6mo": [389.6984804542985, 84.75247203067178, 374.54552727794646, 693.6031951660489, 603.9213863518203, 565.825428540219], "ci_80_lower": [316.9184028129501, 11.203372310973108, 300.9964275582478, 620.0540954463502, 530.3722866321218, 492.27632882052063], "ci_80_upper": [462.47855809564686, 158.30157175037044, 448.09462699764515, 767.1522948857476, 677.4704860715187, 639.3745282599175], "ci_95_lower": [278.390956977119, 0.0, 262.0618860249347, 581.1195539130372, 491.43774509880876, 453.3417872872077], "ci_95_upper": [501.00600393147795, 197.2361132836835, 487.0291685309582, 806.0868364190605, 716.4050276048317, 678.3090697932304], "member_no": "KTD-22390", "factory": "WRU-01", "n_seasons": 15, "series_length": 180}