{"status": "ok", "order": [0, 0, 0], "seasonal_order": [2, 0, 1, 12], "aic": 2418.4210011150053, "n_obs": 180, "forecast_6mo": [1208.651412538518, 294.09788434955, 1047.8783048263776, 1973.3505380245902, 1978.2501975233959, 1773.9045542452054], "ci_80_lower": [1001.54559019974, 86.9920620107709, 840.7724824875986, 1766.2447156858111, 1771.1443751846168, 1566.7987319064264], "ci_80_upper": [1415.7572348772958, 501.2037066883291, 1254.9841271651567, 2180.456360363369, 2185.356019862175, 1981.0103765839845], "ci_95_lower": [891.9103904165884, 0.0, 731.1372827044463, 1656.6095159026588, 1661.5091754014645, 1457.163532123274], "ci_95_upper": [1525.3924346604474, 610.8389064714813, 1364.619326948309, 2290.0915601465213, 2294.991219645327, 2090.6455763671365], "member_no": "KTD-28955", "factory": "WRU-01", "n_seasons": 15, "series_length": 180}