{"status": "ok", "order": [0, 0, 0], "seasonal_order": [0, 1, 1, 12], "aic": 2044.6173946669026, "n_obs": 180, "forecast_6mo": [701.8079885964715, 195.2432946891522, 628.9320187347329, 1168.224464509156, 1165.2839377886253, 1077.709585531298], "ci_80_lower": [572.8382222642068, 66.27352835688748, 499.96225240246815, 1039.2546981768912, 1036.3141714563606, 948.7398191990333], "ci_80_upper": [830.7777549287363, 324.21306102141693, 757.9017850669976, 1297.1942308414207, 1294.25370412089, 1206.6793518635627], "ci_95_lower": [504.565751996833, 0.0, 431.68978213509433, 970.9822279095174, 968.0417011889867, 880.4673489316594], "ci_95_upper": [899.0502251961101, 392.48553128879075, 826.1742553343714, 1365.4667011087945, 1362.5261743882638, 1274.9518221309365], "member_no": "KTD-52943", "factory": "WRU-01", "n_seasons": 15, "series_length": 180}