{"status": "ok", "order": [0, 0, 0], "seasonal_order": [2, 1, 0, 12], "aic": 550.1963287313972, "n_obs": 72, "forecast_6mo": [173.32404818458886, 39.3939829932895, 155.45815684217519, 253.79973311474984, 267.16873072067614, 240.9499522037147], "ci_80_lower": [148.1291621278681, 14.19909693656874, 130.26327078545444, 228.6048470580291, 241.9738446639554, 215.75506614699395], "ci_80_upper": [198.5189342413096, 64.58886905001026, 180.65304289889593, 278.9946191714706, 292.3636167773969, 266.14483826043545], "ci_95_lower": [134.79179509902661, 0.8617299077272378, 116.92590375661293, 215.2674800291876, 228.63647763511386, 202.41769911815243], "ci_95_upper": [211.8563012701511, 77.92623607885176, 193.99040992773746, 292.3319862003121, 305.7009838062384, 279.482205289277], "member_no": "KTD-94461", "factory": "WRU-01", "n_seasons": 6, "series_length": 72}