{"status": "ok", "order": [1, 0, 0], "seasonal_order": [1, 0, 1, 12], "aic": 2352.1568725351026, "n_obs": 180, "forecast_6mo": [993.5259183894167, 343.28827837136174, 913.226045583985, 1277.8799001942411, 1252.4762060189323, 1376.745630816568], "ci_80_lower": [773.2055572489264, 120.66285836810906, 690.5523970398134, 1055.2052373197203, 1029.8015218089652, 1154.0709461578297], "ci_80_upper": [1213.846279529907, 565.9136983746145, 1135.8996941281564, 1500.554563068762, 1475.1508902288995, 1599.4203154753066], "ci_95_lower": [656.5750031816345, 2.8120798470716295, 572.6760878714036, 937.3283911972583, 911.9246643922003, 1036.1940885034996], "ci_95_upper": [1330.476833597199, 683.7644768956518, 1253.7760032965662, 1618.431409191224, 1593.0277476456645, 1717.2971731296366], "member_no": "KTD-52375", "factory": "WRU-01", "n_seasons": 15, "series_length": 180}