{"status": "ok", "order": [0, 0, 0], "seasonal_order": [2, 1, 0, 12], "aic": 1018.4212411006987, "n_obs": 96, "forecast_6mo": [900.6975394575154, 196.96355278661207, 763.6487483062892, 1262.125745005694, 1197.6255827329137, 1235.2162687401456], "ci_80_lower": [778.1099733835214, 74.37598671261803, 641.0611822322952, 1139.5381789316998, 1075.0380166589196, 1112.6287026661514], "ci_80_upper": [1023.2851055315094, 319.5511188606061, 886.2363143802833, 1384.713311079688, 1320.2131488069078, 1357.8038348141397], "ci_95_lower": [713.2160358511037, 9.48204918020042, 576.1672446998775, 1074.6442413992822, 1010.144079126502, 1047.7347651337338], "ci_95_upper": [1088.179043063927, 384.4450563930237, 951.1302519127009, 1449.6072486121056, 1385.1070863393254, 1422.6977723465573], "member_no": "KTD-80655", "factory": "WRU-01", "n_seasons": 8, "series_length": 96}