{"status": "ok", "order": [0, 0, 0], "seasonal_order": [2, 1, 0, 12], "aic": 1648.5045630359582, "n_obs": 180, "forecast_6mo": [230.02476985085067, 48.58100843631087, 207.02010993671138, 358.3338600739414, 368.6894696030531, 331.0525968913662], "ci_80_lower": [189.68885878046697, 8.245097365927165, 166.68419886632768, 317.9979490035577, 328.3535585326694, 290.7166858209825], "ci_80_upper": [270.36068092123435, 88.91691950669457, 247.35602100709508, 398.6697711443251, 409.0253806734368, 371.3885079617499], "ci_95_lower": [168.33631726957123, 0.0, 145.33165735543193, 296.645407492662, 307.0010170217737, 269.3641443100868], "ci_95_upper": [291.7132224321301, 110.26946101759032, 268.7085625179908, 420.02231265522084, 430.37792218433253, 392.7410494726456], "member_no": "KTD-72790", "factory": "WRU-01", "n_seasons": 15, "series_length": 180}