{"status": "ok", "order": [0, 0, 1], "seasonal_order": [0, 1, 1, 12], "aic": 1847.3649186718976, "n_obs": 180, "forecast_6mo": [405.6874075221469, 122.58875401538029, 366.4620440763855, 674.2743777695077, 688.8686309081797, 637.8453108454529], "ci_80_lower": [334.39146851586656, 50.58172813566638, 294.45501819667163, 602.2673518897939, 616.8616050284659, 565.838284965739], "ci_80_upper": [476.9833465284272, 194.5957798950942, 438.46906995609936, 746.2814036492216, 760.8756567878936, 709.8523367251668], "ci_95_lower": [296.64967821556854, 12.463511182791947, 256.33680124379725, 564.1491349369195, 578.7433880755915, 527.7200680128647], "ci_95_upper": [514.7251368287252, 232.71399684796864, 476.58728690897374, 784.399620602096, 798.993873740768, 747.9705536780411], "member_no": "KTD-49972", "factory": "WRU-01", "n_seasons": 15, "series_length": 180}