{"status": "ok", "order": [0, 0, 1], "seasonal_order": [0, 1, 1, 12], "aic": 1910.431820154804, "n_obs": 180, "forecast_6mo": [595.1227623303988, 192.35855042695613, 529.9972578680248, 933.297117707985, 898.6818706061237, 887.0025625461855], "ci_80_lower": [510.22408093764653, 106.10675347662576, 443.7454609176969, 847.045320757657, 812.4300736557957, 800.7507655958575], "ci_80_upper": [680.0214437231512, 278.61034737728653, 616.2490548183528, 1019.5489146583129, 984.9336675564516, 973.2543594965134], "ci_95_lower": [465.28143378891036, 60.44781021989269, 398.0865176609651, 801.3863775009253, 766.771130399064, 755.0918223391258], "ci_95_upper": [724.9640908718873, 324.26929063401957, 661.9079980750845, 1065.2078579150445, 1030.5926108131832, 1018.9133027532451], "member_no": "KTD-97050", "factory": "WRU-01", "n_seasons": 15, "series_length": 180}