{"status": "ok", "order": [0, 0, 1], "seasonal_order": [1, 0, 0, 12], "aic": 2198.7655853012525, "n_obs": 180, "forecast_6mo": [525.3739484716201, 157.82126708058163, 536.5867575555345, 982.7265076110662, 869.640816955279, 966.6941058978406], "ci_80_lower": [399.72499141150183, 29.80740915626393, 408.57289963121684, 854.7126496867485, 741.6269590309613, 838.6802479735229], "ci_80_upper": [651.0229055317384, 285.83512500489934, 664.6006154798522, 1110.740365535384, 997.6546748795967, 1094.7079638221583], "ci_95_lower": [333.2104513842445, 0.0, 340.80645670820337, 786.9462067637351, 673.8605161079479, 770.9138050505094], "ci_95_upper": [717.5374455589957, 353.6015679279128, 732.3670584028657, 1178.5068084583972, 1065.42111780261, 1162.4744067451718], "member_no": "KTD-18667", "factory": "WRU-01", "n_seasons": 15, "series_length": 180}