{"status": "ok", "order": [0, 0, 0], "seasonal_order": [2, 1, 0, 12], "aic": 1527.911637766887, "n_obs": 156, "forecast_6mo": [372.8809640591795, 89.00650899671462, 340.0376719945169, 621.8769488515297, 621.9041672629695, 582.6269037020056], "ci_80_lower": [313.0995291392355, 29.225074076770653, 280.25623707457294, 562.0955139315857, 562.1227323430255, 522.8454687820616], "ci_80_upper": [432.6623989791235, 148.78794391665858, 399.8191069144609, 681.6583837714737, 681.6856021829135, 642.4083386219496], "ci_95_lower": [281.4531491062762, 0.0, 248.6098570416136, 530.4491338986264, 530.4763523100662, 491.1990887491023], "ci_95_upper": [464.3087790120828, 180.43432394961795, 431.46548694742023, 713.304763804433, 713.3319822158728, 674.0547186549089], "member_no": "KTD-57017", "factory": "WRU-01", "n_seasons": 13, "series_length": 156}