{"status": "ok", "order": [0, 0, 0], "seasonal_order": [0, 1, 1, 12], "aic": 1615.8761137077188, "n_obs": 132, "forecast_6mo": [1292.5993389730952, 263.101390156871, 1171.1856314316271, 2229.814659979698, 2126.552588374009, 2101.7225704370285], "ci_80_lower": [1054.8817104108487, 25.383761594624474, 933.4680028693806, 1992.0970314174513, 1888.8349598117622, 1864.004941874782], "ci_80_upper": [1530.3169675353417, 500.8190187191175, 1408.9032599938737, 2467.532288541944, 2364.270216936255, 2339.440198999275], "ci_95_lower": [929.0415992778692, 0.0, 807.6278917364011, 1866.2569202844718, 1762.9948486787828, 1738.1648307418025], "ci_95_upper": [1656.1570786683212, 626.6591298520971, 1534.7433711268532, 2593.372399674924, 2490.110328069235, 2465.2803101322543], "member_no": "KTD-50746", "factory": "WRU-01", "n_seasons": 11, "series_length": 132}