{"status": "ok", "order": [0, 0, 1], "seasonal_order": [0, 1, 1, 12], "aic": 1796.119239069391, "n_obs": 180, "forecast_6mo": [367.37096494619476, 89.2078931475835, 349.21191328044375, 632.2841757025554, 584.0888655994008, 554.1398826470887], "ci_80_lower": [306.36226671326625, 24.00802363588869, 284.01204376875216, 567.0843061908639, 518.8889960877093, 488.9400131353971], "ci_80_upper": [428.37966317912327, 154.40776265927832, 414.41178279213534, 697.484045214247, 649.2887351110924, 619.3397521587804], "ci_95_lower": [274.06621272625694, 0.0, 249.49731772663785, 532.5695801487495, 484.3742700455949, 454.4252870932828], "ci_95_upper": [460.6757171661326, 188.92248870139437, 448.92650883424966, 731.9987712563614, 683.8034611532067, 653.8544782008946], "member_no": "KTD-60863", "factory": "WRU-01", "n_seasons": 15, "series_length": 180}