{"status": "ok", "order": [1, 0, 3], "seasonal_order": [0, 1, 1, 12], "aic": 1752.7513392815836, "n_obs": 180, "forecast_6mo": [322.61051961091067, 63.0900497210677, 300.94451541586756, 536.9237360527623, 542.1821800351589, 494.9367096951512], "ci_80_lower": [269.9928933890054, 9.213610372347958, 246.39438568861797, 480.97021754889875, 485.97180246269374, 438.6787430049005], "ci_80_upper": [375.2281458328159, 116.96648906978744, 355.49464514311717, 592.8772545566258, 598.3925576076241, 551.1946763854019], "ci_95_lower": [242.13880460574842, 0.0, 217.51729134473743, 451.35021406243595, 456.2158259988214, 408.897574383816], "ci_95_upper": [403.0822346160729, 145.4869532696767, 384.3717394869977, 622.4972580430886, 628.1485340714964, 580.9758450064865], "member_no": "KTD-13033", "factory": "WRU-01", "n_seasons": 15, "series_length": 180}