{"status": "ok", "order": [0, 0, 1], "seasonal_order": [1, 0, 0, 12], "aic": 2337.6402627403486, "n_obs": 180, "forecast_6mo": [929.8023308577141, 254.4445733849154, 777.4340765253603, 1353.9981141338508, 1138.1510526460956, 1115.646103643362], "ci_80_lower": [747.0290253936598, 64.73098570437983, 587.7204888448248, 1164.2845264533153, 948.4374649655601, 925.9325159628265], "ci_80_upper": [1112.5756363217683, 444.15816106545094, 967.1476642058958, 1543.7117018143863, 1327.8646403266312, 1305.3596913238976], "ci_95_lower": [650.2746819701304, 0.0, 487.2921819432878, 1063.8562195517784, 848.0091580640232, 825.5042090612895], "ci_95_upper": [1209.3299797452978, 544.5864679669879, 1067.575971107433, 1644.1400087159232, 1428.292947228168, 1405.7879982254344], "member_no": "KTD-47046", "factory": "WRU-01", "n_seasons": 15, "series_length": 180}