{"status": "ok", "order": [0, 0, 0], "seasonal_order": [2, 1, 0, 12], "aic": 1957.9049986727616, "n_obs": 180, "forecast_6mo": [611.3108741189997, 153.65886772690138, 536.1486595178067, 1039.9708610493185, 953.4875768246553, 801.2484069034106], "ci_80_lower": [509.59196571134885, 51.93995931925056, 434.42975111015585, 938.2519526416677, 851.7686684170045, 699.5294984957598], "ci_80_upper": [713.0297825266505, 255.3777761345522, 637.8675679254575, 1141.6897694569693, 1055.206485232306, 902.9673153110614], "ci_95_lower": [455.74522823646123, 0.0, 380.58301363526823, 884.4052151667801, 797.9219309421169, 645.6827610208721], "ci_95_upper": [766.8765200015381, 309.22451360943984, 691.7143054003451, 1195.536506931857, 1109.0532227071938, 956.814052785949], "member_no": "KTD-93293", "factory": "WRU-01", "n_seasons": 15, "series_length": 180}