{"status": "ok", "order": [0, 0, 0], "seasonal_order": [2, 1, 0, 12], "aic": 2038.13373750794, "n_obs": 180, "forecast_6mo": [738.6136139792862, 183.46320798862854, 607.2156938582417, 1213.0158231299872, 1086.8760174756383, 1045.1129700538315], "ci_80_lower": [609.0966056466812, 53.946199656023424, 477.6986855256366, 1083.498814797382, 957.3590091430332, 915.5959617212264], "ci_80_upper": [868.1306223118913, 312.9802163212337, 736.7327021908468, 1342.5328314625924, 1216.3930258082435, 1174.6299783864367], "ci_95_lower": [540.5344429633262, 0.0, 409.13652284228175, 1014.9366521140272, 888.7968464596784, 847.0337990378716], "ci_95_upper": [936.6927849952463, 381.5423790045885, 805.2948648742017, 1411.094994145947, 1284.9551884915982, 1243.1921410697914], "member_no": "KTD-57458", "factory": "WRU-01", "n_seasons": 15, "series_length": 180}