{"status": "ok", "order": [0, 0, 0], "seasonal_order": [2, 1, 0, 12], "aic": 1645.7971716826482, "n_obs": 180, "forecast_6mo": [272.3210739377551, 62.83281268693333, 221.41779598172562, 387.8737005534306, 378.42054086260384, 356.6514133113517], "ci_80_lower": [232.67807001600036, 23.189808765178597, 181.77479205997088, 348.23069663167587, 338.77753694084913, 317.008409389597], "ci_80_upper": [311.9640778595098, 102.47581660868806, 261.06079990348036, 427.5167044751853, 418.06354478435856, 396.2944172331064], "ci_95_lower": [211.69233139269727, 2.2040701418754836, 160.78905343666776, 327.24495800837275, 317.791798317546, 296.02267076629386], "ci_95_upper": [332.94981648281293, 123.46155523199118, 282.0465385267835, 448.5024430984884, 439.0492834076617, 417.2801558564095], "member_no": "KTD-65395", "factory": "WRU-01", "n_seasons": 15, "series_length": 180}