{"status": "ok", "order": [0, 0, 0], "seasonal_order": [2, 1, 0, 12], "aic": 1206.0350149315798, "n_obs": 132, "forecast_6mo": [270.22983624911734, 62.15790654908836, 236.28783187553321, 436.71614772717965, 398.16307063351263, 416.8330199939248], "ci_80_lower": [225.73425089871435, 17.662321198685348, 191.7922465251302, 392.2205623767766, 353.6674852831096, 372.33743464352176], "ci_80_upper": [314.72542159952036, 106.65349189949137, 280.7834172259362, 481.21173307758266, 442.65865598391565, 461.3286053443278], "ci_95_lower": [202.17971083667808, 0.0, 168.23770646309396, 368.66602231474036, 330.11294522107335, 348.7828945814855], "ci_95_upper": [338.2799616615566, 130.20803196152764, 304.3379572879725, 504.76627313961893, 466.2131960459519, 484.88314540636406], "member_no": "KTD-40494", "factory": "WRU-01", "n_seasons": 11, "series_length": 132}