{"status": "ok", "order": [0, 0, 1], "seasonal_order": [1, 0, 0, 12], "aic": 2125.808734457376, "n_obs": 180, "forecast_6mo": [433.43860732680804, 131.80198275867374, 426.2224293360812, 685.75676125823, 530.8807733018574, 577.4261946971633], "ci_80_lower": [328.998518050802, 26.53394866244011, 320.95439523984754, 580.4887271619964, 425.61273920562377, 472.15816060092965], "ci_80_upper": [537.8786966028141, 237.07001685490738, 531.4904634323148, 791.0247953544635, 636.1488073980911, 682.6942287933969], "ci_95_lower": [273.7112744386208, 0.0, 265.2288641147901, 524.7631960369389, 369.8872080805663, 416.4326294758722], "ci_95_upper": [593.1659402149953, 292.79554797996485, 587.2159945573723, 846.750326479521, 691.8743385231485, 738.4197599184544], "member_no": "KTD-95850", "factory": "WRU-01", "n_seasons": 15, "series_length": 180}