{"status": "ok", "order": [0, 0, 0], "seasonal_order": [0, 1, 1, 12], "aic": 1959.9756658859046, "n_obs": 180, "forecast_6mo": [645.4470154508628, 183.74700250985452, 565.8822137166678, 1052.6569105162046, 993.4240342838506, 928.8945258803059], "ci_80_lower": [545.057660144844, 83.35764720383582, 465.4928584106491, 952.2675552101858, 893.0346789778318, 828.5051705742871], "ci_80_upper": [745.8363707568815, 284.1363578158732, 666.2715690226865, 1153.0462658222232, 1093.8133895898693, 1029.2838811863246], "ci_95_lower": [491.91474556722534, 30.214732626217113, 412.3499438330304, 899.1246406325672, 839.8917644002131, 775.3622559966684], "ci_95_upper": [798.9792853345002, 337.27927239349196, 719.4144836003052, 1206.189180399842, 1146.956304167488, 1082.4267957639433], "member_no": "KTD-35267", "factory": "WRU-01", "n_seasons": 15, "series_length": 180}