{"status": "ok", "order": [0, 0, 1], "seasonal_order": [0, 1, 1, 12], "aic": 1410.184479991775, "n_obs": 132, "forecast_6mo": [691.1382250652326, 180.90402536848546, 652.8293863762467, 1159.3163207427137, 1034.2990462872638, 977.4444960096544], "ci_80_lower": [590.1972626744536, 78.16288200396133, 550.0882430117425, 1056.5751773782094, 931.5579029227596, 874.7033526451502], "ci_80_upper": [792.0791874560117, 283.6451687330096, 755.5705297407509, 1262.057464107218, 1137.040189651768, 1080.1856393741587], "ci_95_lower": [536.7623449447431, 23.775006030616566, 495.70036703840833, 1002.1873014048754, 877.1700269494254, 820.315476671816], "ci_95_upper": [845.5141051857222, 338.03304470635436, 809.9584057140851, 1316.4453400805521, 1191.4280656251021, 1134.5735153474927], "member_no": "KTD-20727", "factory": "WRU-01", "n_seasons": 11, "series_length": 132}