{"status": "ok", "order": [2, 0, 1], "seasonal_order": [0, 1, 1, 12], "aic": 1615.851006689128, "n_obs": 156, "forecast_6mo": [577.3884644211142, 167.57490695325822, 504.46767558183797, 852.8499337429515, 826.4531618472585, 800.9970574754232], "ci_80_lower": [500.2879779736921, 89.9523449932259, 426.4278018171374, 774.167131984152, 747.3396453850057, 721.6552516781776], "ci_80_upper": [654.4889508685363, 245.19746891329055, 582.5075493465386, 931.5327355017511, 905.5666783095112, 880.3388632726687], "ci_95_lower": [459.47344586838875, 48.86144280580446, 385.11598810458344, 732.5149727502446, 705.4594795599298, 679.6542367790985], "ci_95_upper": [695.3034829738397, 286.28837110071197, 623.8193630590924, 973.1848947356584, 947.4468441345871, 922.3398781717478], "member_no": "KTD-64454", "factory": "WRU-01", "n_seasons": 13, "series_length": 156}