{"status": "ok", "order": [0, 0, 0], "seasonal_order": [0, 1, 1, 12], "aic": 1959.975665885915, "n_obs": 180, "forecast_6mo": [645.4470154930036, 183.74700272865053, 565.8822138113479, 1052.6569103650338, 993.424034190787, 928.8945259369623], "ci_80_lower": [545.0576601110885, 83.35764734673536, 465.4928584294328, 952.2675549831187, 893.0346788088718, 828.5051705550471], "ci_80_upper": [745.8363708749188, 284.1363581105657, 666.2715691932631, 1153.046265746949, 1093.8133895727021, 1029.2838813188775], "ci_95_lower": [491.91474549329257, 30.21473272893948, 412.3499438116369, 899.1246403653228, 839.8917641910759, 775.3622559372512], "ci_95_upper": [798.9792854927147, 337.27927272836155, 719.414483811059, 1206.189180364745, 1146.956304190498, 1082.4267959366734], "member_no": "KTD-35267", "factory": "WRU-01", "n_seasons": 15, "series_length": 180}