{"status": "ok", "order": [2, 0, 0], "seasonal_order": [0, 1, 1, 12], "aic": 1890.1788103361896, "n_obs": 180, "forecast_6mo": [487.9266835406497, 114.34384200021097, 408.35237668097346, 790.8644501842442, 774.2278369900495, 691.2387876138649], "ci_80_lower": [407.6893608615849, 33.4000378299625, 326.9905229953773, 709.4677629617884, 692.8283502746558, 609.8384299377784], "ci_80_upper": [568.1640062197146, 195.28764617045942, 489.7142303665696, 872.2611374067001, 855.6273237054431, 772.6391452899514], "ci_95_lower": [365.2142879609551, 0.0, 283.92015933869266, 666.3789595445522, 649.7380648953769, 566.7476834997591], "ci_95_upper": [610.6390791203444, 238.1367077815675, 532.7845940232543, 915.3499408239362, 898.7176090847221, 815.7298917279708], "member_no": "KTD-58819", "factory": "WRU-01", "n_seasons": 15, "series_length": 180}