{"status": "ok", "order": [0, 0, 0], "seasonal_order": [0, 1, 1, 12], "aic": 1966.847413111775, "n_obs": 180, "forecast_6mo": [676.8420709755623, 147.9071863683142, 610.222965995199, 1124.0229225004946, 1090.7134258672538, 1008.6571842870565], "ci_80_lower": [575.002716077667, 46.06783147041887, 508.38361109730374, 1022.1835676025993, 988.8740709693585, 906.8178293891611], "ci_80_upper": [778.6814258734576, 249.74654126620953, 712.0623208930944, 1225.86227739839, 1192.5527807651492, 1110.4965391849519], "ci_95_lower": [521.0922180823264, 0.0, 454.47311310196324, 968.2730696072588, 934.963572974018, 852.9073313938206], "ci_95_upper": [832.5919238687981, 303.65703926155004, 765.9728188884349, 1279.7727753937304, 1246.4632787604896, 1164.4070371802923], "member_no": "KTD-54280", "factory": "WRU-01", "n_seasons": 15, "series_length": 180}