{"status": "ok", "order": [1, 0, 0], "seasonal_order": [1, 1, 1, 12], "aic": 1304.517582705811, "n_obs": 132, "forecast_6mo": [401.7612362825101, 83.03698497257213, 325.873212183831, 687.1483016518459, 627.4701813838483, 564.0154022406681], "ci_80_lower": [337.28721885086026, 17.690938855016284, 260.5035723107664, 621.7780191373053, 562.0998813620246, 498.64510174189667], "ci_80_upper": [466.2352537141599, 148.383031090128, 391.24285205689563, 752.5185841663866, 692.840481405672, 629.3857027394396], "ci_95_lower": [303.15673568955793, 0.0, 225.8989752680389, 587.1730819007299, 527.4949348576534, 464.04015498504464], "ci_95_upper": [500.36573687546223, 182.97513835313978, 425.84744909962313, 787.123521402962, 727.4454279100431, 663.9906494962916], "member_no": "KTD-60911", "factory": "WRU-01", "n_seasons": 11, "series_length": 132}