{"status": "ok", "order": [0, 0, 0], "seasonal_order": [2, 1, 0, 12], "aic": 2045.7513415741957, "n_obs": 180, "forecast_6mo": [728.8604145805493, 156.0818260065549, 618.1536348659916, 1223.3932054259342, 1142.1262187656992, 1082.157583722627], "ci_80_lower": [597.2833241441215, 24.504735570127025, 486.5765444295638, 1091.8161149895063, 1010.5491283292713, 950.580493286199], "ci_80_upper": [860.4375050169772, 287.6589164429828, 749.7307253024195, 1354.970295862362, 1273.703309202127, 1213.7346741590547], "ci_95_lower": [527.6306198696526, 0.0, 416.9238401550949, 1022.1634107150375, 940.8964240548024, 880.9277890117302], "ci_95_upper": [930.0902092914461, 357.31162071745166, 819.3834295768884, 1424.6230001368308, 1343.3560134765958, 1283.3873784335237], "member_no": "KTD-71423", "factory": "WRU-01", "n_seasons": 15, "series_length": 180}