{"status": "ok", "order": [0, 0, 0], "seasonal_order": [2, 1, 0, 12], "aic": 835.1180862590221, "n_obs": 96, "forecast_6mo": [234.75137348882038, 53.1930985657499, 206.21177570438314, 405.2478167289782, 369.72496032507604, 339.5480396023772], "ci_80_lower": [193.38468226495542, 11.826407341884938, 164.84508448051818, 363.88112550511323, 328.3582691012111, 298.1813483785122], "ci_80_upper": [276.11806471268534, 94.55978978961485, 247.5784669282481, 446.61450795284316, 411.091651548941, 380.91473082624213], "ci_95_lower": [171.4864787017656, 0.0, 142.94688091732837, 341.98292194192345, 306.4600655380213, 276.28314481532243], "ci_95_upper": [298.0162682758751, 116.45799335280466, 269.4766704914379, 468.51271151603294, 432.9898551121308, 402.8129343894319], "member_no": "KTD-54043", "factory": "WRU-01", "n_seasons": 8, "series_length": 96}