{"status": "ok", "order": [0, 0, 0], "seasonal_order": [2, 1, 0, 12], "aic": 1166.9443842335477, "n_obs": 132, "forecast_6mo": [200.47606854552893, 37.97017031833465, 177.31225765129142, 346.39890888922474, 359.0272817785615, 328.501855846591], "ci_80_lower": [162.90286803263325, 0.3969698054389639, 139.73905713839574, 308.82570837632903, 321.45408126566576, 290.9286553336953], "ci_80_upper": [238.0492690584246, 75.54337083123033, 214.8854581641871, 383.97210940212045, 396.6004822914572, 366.0750563594867], "ci_95_lower": [143.012817148475, 0.0, 119.84900625423747, 288.9356574921708, 301.5640303815075, 271.03860444953705], "ci_95_upper": [257.93931994258287, 95.4334217153886, 234.77550904834538, 403.8621602862787, 416.49053317561544, 385.965107243645], "member_no": "KTD-19709", "factory": "WRU-01", "n_seasons": 11, "series_length": 132}