{"status": "ok", "order": [0, 0, 0], "seasonal_order": [0, 1, 1, 12], "aic": 612.9189381857523, "n_obs": 60, "forecast_6mo": [1029.6758147377934, 196.00827147004213, 846.9089914063688, 1627.8805238969142, 1613.1089093915698, 1459.638472170918], "ci_80_lower": [864.530730985031, 30.863187717279715, 681.7639076536065, 1462.7354401441517, 1447.9638256388073, 1294.4933884181555], "ci_80_upper": [1194.820898490556, 361.1533552228045, 1012.0540751591312, 1793.0256076496767, 1778.2539931443323, 1624.7835559236805], "ci_95_lower": [777.108204442911, 0.0, 594.3413811114864, 1375.3129136020316, 1360.5412990966875, 1207.0708618760355], "ci_95_upper": [1282.243425032676, 448.5758817649246, 1099.4766017012512, 1880.4481341917967, 1865.6765196864521, 1712.2060824658006], "member_no": "KTD-65554", "factory": "WRU-01", "n_seasons": 5, "series_length": 60}