{"status": "ok", "order": [0, 0, 2], "seasonal_order": [0, 1, 1, 12], "aic": 1641.821119995575, "n_obs": 156, "forecast_6mo": [713.8281643301164, 175.022809523711, 604.3848026505186, 1152.943068231524, 1006.706391854687, 917.8776010998183], "ci_80_lower": [626.9511303240469, 86.90172378716572, 515.513903445221, 1064.072169026227, 917.83549264939, 829.0067018945213], "ci_80_upper": [800.7051983361858, 263.1438952602563, 693.2557018558163, 1241.813967436821, 1095.5772910599842, 1006.7485003051154], "ci_95_lower": [580.96120656303, 40.25323882071751, 468.4684912049837, 1017.0267567859898, 870.790080409153, 781.9612896542843], "ci_95_upper": [846.6951220972027, 309.7923802267045, 740.3011140960535, 1288.859379677058, 1142.622703300221, 1053.7939125453522], "member_no": "KTD-19970", "factory": "WRU-01", "n_seasons": 13, "series_length": 156}