{"status": "ok", "order": [0, 0, 0], "seasonal_order": [0, 1, 1, 12], "aic": 2025.9343932414056, "n_obs": 180, "forecast_6mo": [825.3760399699307, 218.64642585842478, 719.0383647124652, 1273.714799199123, 1209.3385175660335, 1176.8630033604668], "ci_80_lower": [703.5112742224352, 96.78166011092928, 597.1735989649696, 1151.8500334516275, 1087.473751818538, 1054.9982376129713], "ci_80_upper": [947.2408057174263, 340.51119160592026, 840.9031304599607, 1395.5795649466186, 1331.203283313529, 1298.7277691079623], "ci_95_lower": [638.9999640700889, 32.270349958582926, 532.6622888126233, 1087.3387232992811, 1022.9624416661916, 990.4869274606249], "ci_95_upper": [1011.7521158697725, 405.0225017582666, 905.4144406123071, 1460.090875098965, 1395.7145934658754, 1363.2390792603087], "member_no": "KTD-46303", "factory": "WRU-01", "n_seasons": 15, "series_length": 180}