{"status": "ok", "order": [0, 0, 0], "seasonal_order": [0, 1, 1, 12], "aic": 1638.4761741831564, "n_obs": 180, "forecast_6mo": [278.17798718475404, 79.79265037098547, 244.95968856443827, 478.43667091075446, 449.40230089734155, 412.49360287352704], "ci_80_lower": [240.0780067731177, 41.69266995934913, 206.85970815280194, 440.3366904991181, 411.3023204857052, 374.3936224618907], "ci_80_upper": [316.2779675963904, 117.89263078262181, 283.0596689760746, 516.5366513223908, 487.5022813089779, 450.5935832851634], "ci_95_lower": [219.90909545525466, 21.523758641486076, 186.69079683493888, 420.16777918125507, 391.13340916784216, 354.22471114402765], "ci_95_upper": [336.44687891425343, 138.06154210048487, 303.2285802939377, 536.7055626402539, 507.67119262684093, 470.7624946030264], "member_no": "KTD-66835", "factory": "WRU-01", "n_seasons": 15, "series_length": 180}