{"status": "ok", "order": [1, 0, 1], "seasonal_order": [2, 1, 0, 12], "aic": 1885.7645895194205, "n_obs": 180, "forecast_6mo": [471.257718411682, 104.54803972779979, 400.73816225015554, 811.3900395639531, 712.1877893623013, 732.1368556088637], "ci_80_lower": [390.82304035443633, 23.136878319160786, 318.6711805339597, 728.8811247779274, 629.3804151795651, 649.1276210632626], "ci_80_upper": [551.6923964689277, 185.9592011364388, 482.80514396635135, 893.8989543499788, 794.9951635450374, 815.1460901544648], "ci_95_lower": [348.2434938273734, 0.0, 275.2275446455508, 685.2035436539165, 585.5448391946856, 605.1851866571128], "ci_95_upper": [594.2719429959906, 229.0556667250035, 526.2487798547603, 937.5765354739897, 838.830739529917, 859.0885245606146], "member_no": "KTD-44612", "factory": "WRU-01", "n_seasons": 15, "series_length": 180}