{"status": "ok", "order": [1, 0, 0], "seasonal_order": [1, 1, 1, 12], "aic": 1304.5175827123155, "n_obs": 132, "forecast_6mo": [401.7612581205123, 83.0369961196924, 325.8732212390129, 687.1483163862938, 627.4701871645527, 564.0154371155221], "ci_80_lower": [337.28722950034796, 17.69093829995242, 260.5035696400098, 621.7780221448975, 562.099875415841, 498.64512488986156], "ci_80_upper": [466.23528674067666, 148.3830539394324, 391.24287283801596, 752.5186106276901, 692.8404989132645, 629.3857493411826], "ci_95_lower": [303.1567404162039, 0.0, 225.89896638994549, 587.1730787004997, 527.4949227036303, 464.0401719251694], "ci_95_upper": [500.36577582482073, 182.9751673972063, 425.84747608808027, 787.1235540720879, 727.4454516254751, 663.9907023058748], "member_no": "KTD-60911", "factory": "WRU-01", "n_seasons": 11, "series_length": 132}