{"status": "ok", "order": [0, 0, 0], "seasonal_order": [2, 1, 0, 12], "aic": 1391.4985592145904, "n_obs": 132, "forecast_6mo": [606.3166377680625, 125.58311928409336, 504.0960911827095, 931.653983230962, 899.8681589027433, 831.4377448178565], "ci_80_lower": [508.4171061937313, 27.683587709762165, 406.19655960837827, 833.7544516566309, 801.9686273284121, 733.5382132435253], "ci_80_upper": [704.2161693423936, 223.48265085842456, 601.9956227570407, 1029.5535148052932, 997.7676904770744, 929.3372763921876], "ci_95_lower": [456.5922246832944, 0.0, 354.3716780979414, 781.9295701461939, 750.1437458179752, 681.7133317330884], "ci_95_upper": [756.0410508528306, 275.3075323688614, 653.8205042674775, 1081.37839631573, 1049.5925719875113, 981.1621579026246], "member_no": "KTD-83301", "factory": "WRU-01", "n_seasons": 11, "series_length": 132}