{"status": "ok", "order": [0, 0, 1], "seasonal_order": [1, 0, 0, 12], "aic": 1842.7450627769153, "n_obs": 180, "forecast_6mo": [213.96660509122725, 63.50300016023976, 218.51917364861475, 375.342284128572, 304.58643561608676, 298.49991101286224], "ci_80_lower": [167.09792124157426, 16.10835733900906, 171.12453082738406, 327.94764130734126, 257.19179279485604, 251.10526819163155], "ci_80_upper": [260.8352889408803, 110.89764298147045, 265.9138164698455, 422.7369269498027, 351.9810784373175, 345.89455383409296], "ci_95_lower": [142.2871387179196, 0.0, 146.03532244261413, 302.85843292257135, 232.10258441008614, 226.01605980686162], "ci_95_upper": [285.6460714645349, 135.9868513662404, 291.0030248546154, 447.8261353345726, 377.0702868220874, 370.98376221886286], "member_no": "KTD-78800", "factory": "WRU-01", "n_seasons": 15, "series_length": 180}