{"status": "ok", "order": [0, 0, 0], "seasonal_order": [1, 1, 0, 12], "aic": 722.8308324714682, "n_obs": 96, "forecast_6mo": [114.79157154543029, 19.44731527734616, 99.0211332693079, 168.31567899507684, 171.73636357001794, 154.4894969870386], "ci_80_lower": [93.08438069767524, 0.0, 77.31394242155284, 146.6084881473218, 150.0291727222629, 132.78230613928355], "ci_80_upper": [136.49876239318533, 41.15450612510121, 120.72832411706295, 190.02286984283188, 193.443554417773, 176.19668783479364], "ci_95_lower": [81.59328798743894, 0.0, 65.82284971131654, 135.1173954370855, 138.5380800120266, 121.29121342904725], "ci_95_upper": [147.98985510342163, 52.64559883533751, 132.21941682729926, 201.51396255306818, 204.9346471280093, 187.68778054502994], "member_no": "KTD-39031", "factory": "WRU-01", "n_seasons": 8, "series_length": 96}