{"status": "ok", "order": [0, 0, 0], "seasonal_order": [2, 1, 0, 12], "aic": 1058.8039391339983, "n_obs": 132, "forecast_6mo": [140.39424737479447, 31.9725288554101, 140.60955024964179, 241.71582818861873, 262.94312976184824, 228.60630908555007], "ci_80_lower": [115.71721859658717, 7.295500077202799, 115.93252147143448, 217.03879941041143, 238.26610098364094, 203.92928030734276], "ci_80_upper": [165.07127615300178, 56.649557633617405, 165.2865790278491, 266.39285696682606, 287.6201585400555, 253.28333786375737], "ci_95_lower": [102.65398865161825, 0.0, 102.86929152646556, 203.9755694654425, 225.20287103867201, 190.86605036237384], "ci_95_upper": [178.1345060979707, 69.71278757858633, 178.349808972818, 279.45608691179496, 300.68338848502447, 266.3465678087263], "member_no": "KTD-79805", "factory": "WRU-01", "n_seasons": 11, "series_length": 132}