{"status": "ok", "order": [0, 0, 0], "seasonal_order": [0, 1, 2, 12], "aic": 1973.147181451099, "n_obs": 180, "forecast_6mo": [772.9507539047398, 220.4693744230612, 694.5570862184326, 1272.518261767107, 1206.967668463947, 1148.5672220256715], "ci_80_lower": [668.06548564629, 115.58410616461136, 589.6718179599827, 1167.6329935086574, 1102.0824002054972, 1043.6819537672218], "ci_80_upper": [877.8360221631897, 325.35464268151105, 799.4423544768824, 1377.4035300255568, 1311.8529367223966, 1253.4524902841213], "ci_95_lower": [612.5425785161627, 60.061199034484105, 534.1489108298555, 1112.11008637853, 1046.5594930753698, 988.1590466370944], "ci_95_upper": [933.3589292933169, 380.8775498116383, 854.9652616070097, 1432.9264371556842, 1367.375843852524, 1308.9753974142486], "member_no": "KTD-28744", "factory": "WRU-01", "n_seasons": 15, "series_length": 180}