{"status": "ok", "order": [0, 0, 1], "seasonal_order": [0, 1, 1, 12], "aic": 1958.4267203581094, "n_obs": 180, "forecast_6mo": [649.5040274095338, 146.70548907939246, 542.1837863917926, 1028.9541271493158, 937.541177827949, 942.4237693220023], "ci_80_lower": [550.663305801012, 46.818184162835365, 442.2964814752381, 929.0668222327613, 837.6538729113945, 842.5364644054478], "ci_80_upper": [748.3447490180556, 246.59279399594956, 642.0710913083471, 1128.8414320658703, 1037.4284827445035, 1042.3110742385568], "ci_95_lower": [498.3401883826363, 0.0, 389.41933631988155, 876.1896770774047, 784.7767277560379, 789.6593192500911], "ci_95_upper": [800.6678664364313, 299.46993915130747, 694.9482364637038, 1181.718577221227, 1090.3056278998602, 1095.1882193939134], "member_no": "KTD-62070", "factory": "WRU-01", "n_seasons": 15, "series_length": 180}