{"status": "ok", "order": [2, 0, 0], "seasonal_order": [2, 1, 1, 12], "aic": 1669.8127348185672, "n_obs": 180, "forecast_6mo": [301.84051723360943, 80.72819127733426, 256.68518244553854, 429.8779620026909, 413.7810411469242, 385.8908153114695], "ci_80_lower": [261.5582038243556, 39.438758914828234, 215.3093335131347, 388.468698564172, 372.37173206078734, 344.4811110445627], "ci_80_upper": [342.1228306428633, 122.01762363984028, 298.06103137794236, 471.2872254412098, 455.1903502330611, 427.30051957837634], "ci_95_lower": [240.2340352013851, 17.581453722357587, 193.40628215187783, 366.54795863186376, 350.45096796408984, 322.56013775180213], "ci_95_upper": [363.44699926583377, 143.87492883231093, 319.9640827391993, 493.207965373518, 477.1111143297586, 449.2214928711369], "member_no": "KTD-14701", "factory": "WRU-01", "n_seasons": 15, "series_length": 180}