{"status": "ok", "order": [0, 0, 0], "seasonal_order": [1, 1, 0, 12], "aic": 758.2188567687272, "n_obs": 84, "forecast_6mo": [341.4796032125008, 81.41007408637594, 342.6822062251768, 582.7202786122981, 554.9700991439249, 517.0111291264317], "ci_80_lower": [285.62138206042357, 25.551852934298672, 286.82398507309955, 526.8620574602209, 499.1118779918477, 461.15290797435443], "ci_80_upper": [397.33782436457807, 137.26829523845322, 398.54042737725405, 638.5784997643754, 610.8283202960022, 572.8693502785089], "ci_95_lower": [256.0518259447005, 0.0, 257.2544289573765, 497.2925013444978, 469.5423218761246, 431.5833518586314], "ci_95_upper": [426.90738048030113, 166.83785135417622, 428.1099834929771, 668.1480558800984, 640.3978764117252, 602.4389063942319], "member_no": "KTD-62014", "factory": "WRU-01", "n_seasons": 7, "series_length": 84}