{"status": "ok", "order": [0, 0, 0], "seasonal_order": [1, 1, 1, 12], "aic": 1254.8003527004266, "n_obs": 120, "forecast_6mo": [592.0623648409758, 109.28964817135228, 513.7971376414566, 979.0674129208445, 904.5203596226361, 827.8495423063425], "ci_80_lower": [499.5244145074597, 16.751697837836247, 421.2591873079406, 886.5294625873285, 811.98240928912, 735.3115919728265], "ci_80_upper": [684.6003151744918, 201.82759850486832, 606.3350879749727, 1071.6053632543606, 997.0583099561521, 920.3874926398586], "ci_95_lower": [450.5377826601773, 0.0, 372.27255546065817, 837.542830740046, 762.9957774418376, 686.3249601255441], "ci_95_upper": [733.5869470217742, 250.81423035215073, 655.3217198222551, 1120.591995101643, 1046.0449418034345, 969.374124487141], "member_no": "KTD-12035", "factory": "WRU-01", "n_seasons": 10, "series_length": 120}