{"status": "ok", "order": [0, 0, 0], "seasonal_order": [1, 1, 0, 12], "aic": 835.6827050149977, "n_obs": 84, "forecast_6mo": [561.097755624967, 125.68989246440422, 482.11973105970964, 900.1871504080128, 890.1694763971013, 965.6858740559438], "ci_80_lower": [464.45366009509644, 29.045796934533655, 385.47563552983905, 803.5430548781422, 793.5253808672308, 869.0417785260732], "ci_80_upper": [657.7418511548376, 222.3339879942748, 578.7638265895803, 996.8312459378834, 986.8135719269719, 1062.3299695858143], "ci_95_lower": [413.2933662818816, 0.0, 334.3153417166242, 752.3827610649274, 742.3650870540159, 817.8814847128584], "ci_95_upper": [708.9021449680524, 273.49428180748964, 629.9241204027951, 1047.9915397510983, 1037.9738657401867, 1113.4902633990291], "member_no": "KTD-57292", "factory": "WRU-01", "n_seasons": 7, "series_length": 84}