{"status": "ok", "order": [1, 0, 1], "seasonal_order": [2, 1, 0, 12], "aic": 1885.7645895194314, "n_obs": 180, "forecast_6mo": [471.2577181006399, 104.5480398978443, 400.73816218471, 811.39003952798, 712.1877892999985, 732.1368556439074], "ci_80_lower": [390.8230400251791, 23.136878452713432, 318.6711804231984, 728.8811246929781, 629.3804150673437, 649.1276210487802], "ci_80_upper": [551.6923961761007, 185.95920134297518, 482.8051439462216, 893.8989543629818, 794.9951635326532, 815.1460902390347], "ci_95_lower": [348.24349348847375, 0.0, 275.2275445108007, 685.2035435430408, 585.5448390560389, 605.1851866164127], "ci_95_upper": [594.2719427128061, 229.05566695085753, 526.2487798586193, 937.5765355129191, 838.8307395439581, 859.0885246714022], "member_no": "KTD-44612", "factory": "WRU-01", "n_seasons": 15, "series_length": 180}