{"status": "ok", "order": [1, 0, 0], "seasonal_order": [2, 1, 0, 12], "aic": 1431.9370294181908, "n_obs": 132, "forecast_6mo": [570.8991253081651, 148.31116329014557, 590.9972295459398, 1025.256840855746, 949.7254238819686, 885.2497478842096], "ci_80_lower": [456.8710956315402, 30.406593913463126, 472.8293040393532, 907.0707263592612, 831.5380517475131, 767.0622887864641], "ci_80_upper": [684.92715498479, 266.215732666828, 709.1651550525264, 1143.442955352231, 1067.9127960164242, 1003.437206981955], "ci_95_lower": [396.50830296206937, 0.0, 410.2749828977526, 844.5067765480325, 768.9734361829578, 704.497627186324], "ci_95_upper": [745.2899476542609, 328.6306414945202, 771.7194761941271, 1206.0069051634596, 1130.4774115809794, 1066.001868582095], "member_no": "KTD-25271", "factory": "WRU-01", "n_seasons": 11, "series_length": 132}