{"status": "ok", "order": [0, 0, 1], "seasonal_order": [2, 1, 1, 12], "aic": 1836.4519589931083, "n_obs": 180, "forecast_6mo": [455.72981442272504, 86.47218307733468, 386.2539547721494, 714.3521096085689, 660.3068313873903, 615.5984092373712], "ci_80_lower": [387.79977122219503, 18.293389430631024, 318.0751611254458, 646.1733159618652, 592.1280377406866, 547.4196155906676], "ci_80_upper": [523.6598576232551, 154.65097672403834, 454.43274841885307, 782.5309032552725, 728.4856250340939, 683.7772028840749], "ci_95_lower": [351.83977853118427, 0.0, 281.9834879024518, 610.0816427388712, 556.0363645176926, 511.3279423676736], "ci_95_upper": [559.6198503142658, 190.7426499470323, 490.524421641847, 818.6225764782665, 764.5772982570879, 719.8688761070689], "member_no": "KTD-22354", "factory": "WRU-01", "n_seasons": 15, "series_length": 180}