{"status": "ok", "order": [0, 0, 0], "seasonal_order": [0, 1, 1, 12], "aic": 1651.4873136185897, "n_obs": 180, "forecast_6mo": [245.84872825485138, 73.5450623590272, 208.90754527196174, 380.0277355787431, 360.0746156948532, 334.9700875206659], "ci_80_lower": [206.12158081830526, 33.81791492248109, 169.18039783541562, 340.300588142197, 320.3474682583071, 295.2429400841198], "ci_80_upper": [285.57587569139747, 113.2722097955733, 248.63469270850786, 419.7548830152892, 399.8017631313993, 374.697234957212], "ci_95_lower": [185.09129930890444, 12.787633413080265, 148.1501163260148, 319.2703066327962, 299.3171867489063, 274.212658574719], "ci_95_upper": [306.6061572007983, 134.30249130497413, 269.66497421790865, 440.78516452469, 420.8320446408001, 395.7275164666128], "member_no": "KTD-84013", "factory": "WRU-01", "n_seasons": 15, "series_length": 180}