{"status": "ok", "order": [2, 0, 2], "seasonal_order": [0, 1, 2, 12], "aic": 1695.1443619385223, "n_obs": 156, "forecast_6mo": [567.889045676346, 117.85398306063092, 500.31182974149743, 975.4236077157782, 958.9150204908653, 879.597768737579], "ci_80_lower": [467.7501263961735, 17.45639744442623, 398.32364572012057, 873.3315039613515, 856.7502124188401, 777.4176779769992], "ci_80_upper": [668.0279649565184, 218.25156867683563, 602.3000137628743, 1077.515711470205, 1061.0798285628907, 981.7778594981588], "ci_95_lower": [414.73978464251746, 0.0, 344.3343623458748, 819.2872088034403, 802.6674299200372, 723.3268053115657], "ci_95_upper": [721.0383067101745, 271.39884011748853, 656.28929713712, 1131.560006628116, 1115.1626110616935, 1035.8687321635923], "member_no": "KTD-55814", "factory": "WRU-01", "n_seasons": 13, "series_length": 156}