{"status": "ok", "order": [0, 0, 0], "seasonal_order": [0, 1, 1, 12], "aic": 1855.489585703723, "n_obs": 180, "forecast_6mo": [451.8705127874877, 122.71709599970006, 377.24861192291036, 721.6417638109615, 682.9348041891005, 655.5210306409908], "ci_80_lower": [378.49357451691804, 49.34015772913038, 303.8716736523407, 648.2648255403918, 609.5578659185309, 582.1440923704212], "ci_80_upper": [525.2474510580574, 196.09403427026973, 450.62555019348, 795.0187020815312, 756.3117424596702, 728.8979689115605], "ci_95_lower": [339.65016974961696, 10.49675296182933, 265.0282688850396, 609.4214207730907, 570.7144611512298, 543.3006876031201], "ci_95_upper": [564.0908558253584, 234.9374390375708, 489.4689549607811, 833.8621068488322, 795.1551472269713, 767.7413736788616], "member_no": "KTD-65099", "factory": "WRU-01", "n_seasons": 15, "series_length": 180}