{"status": "ok", "order": [0, 0, 0], "seasonal_order": [2, 1, 0, 12], "aic": 2141.6295148200293, "n_obs": 180, "forecast_6mo": [1054.403671354243, 273.38982414154924, 962.076393520836, 1665.2113674493032, 1641.4534328197453, 1558.3311068180356], "ci_80_lower": [881.6122629367471, 100.59841572405341, 789.2849851033401, 1492.4199590318074, 1468.6620244022495, 1385.5396984005397], "ci_80_upper": [1227.1950797717388, 446.18123255904504, 1134.8678019383317, 1838.002775866799, 1814.2448412372412, 1731.1225152355314], "ci_95_lower": [790.1420166214302, 9.128169408736426, 697.8147387880231, 1400.9497127164905, 1377.1917780869326, 1294.0694520852228], "ci_95_upper": [1318.6653260870557, 537.651478874362, 1226.3380482536488, 1929.473022182116, 1905.715087552558, 1822.5927615508483], "member_no": "KTD-88519", "factory": "WRU-01", "n_seasons": 15, "series_length": 180}