{"status": "ok", "order": [0, 0, 1], "seasonal_order": [1, 1, 1, 12], "aic": 1684.4431701397343, "n_obs": 180, "forecast_6mo": [249.06001512179486, 52.37423377381856, 215.65331665294462, 435.56710602783403, 413.38264292291313, 361.5872052498129], "ci_80_lower": [205.4790643272671, 7.921256358850293, 171.20033923797635, 391.1141286128658, 368.9296655079449, 317.13422783484464], "ci_80_upper": [292.6409659163226, 96.82721118878683, 260.10629406791287, 480.0200834428023, 457.8356203378814, 406.0401826647811], "ci_95_lower": [182.4087025521065, 0.0, 147.6683544544976, 367.582143829387, 345.3976807244661, 293.60224305136586], "ci_95_upper": [315.71132769148323, 120.35919597226557, 283.63827885139165, 503.55206822628105, 481.36760512136016, 429.5721674482599], "member_no": "KTD-63261", "factory": "WRU-01", "n_seasons": 15, "series_length": 180}