{"status": "ok", "order": [0, 0, 1], "seasonal_order": [0, 1, 1, 12], "aic": 1945.4504387016802, "n_obs": 180, "forecast_6mo": [552.3029072559607, 151.08463085305857, 476.39023054138676, 912.9296499925063, 917.0017201286274, 819.4303525876563], "ci_80_lower": [457.5921619545827, 55.76582769559063, 381.07142738391946, 817.610846835039, 821.6829169711601, 724.111549430189], "ci_80_upper": [647.0136525573387, 246.4034340105265, 571.709033698854, 1008.2484531499736, 1012.3205232860947, 914.7491557451236], "ci_95_lower": [407.4553219301506, 5.3071012858347615, 330.6127009741639, 767.1521204252834, 771.2241905614046, 673.6528230204335], "ci_95_upper": [697.1504925817708, 296.8621604202824, 622.1677601086096, 1058.707179559729, 1062.7792496958502, 965.2078821548791], "member_no": "KTD-59375", "factory": "WRU-01", "n_seasons": 15, "series_length": 180}