{"status": "ok", "order": [0, 0, 0], "seasonal_order": [1, 1, 1, 12], "aic": 684.105318339265, "n_obs": 72, "forecast_6mo": [410.76224144998986, 89.30177585203076, 338.528173649583, 668.5902211849293, 645.5225415477464, 629.3511313185519], "ci_80_lower": [330.1790957770276, 8.718630179068512, 257.94502797662074, 588.0070755119671, 564.9393958747842, 548.7679856455896], "ci_80_upper": [491.3453871229521, 169.884921524993, 419.1113193225452, 749.1733668578916, 726.1056872207087, 709.9342769915141], "ci_95_lower": [287.52095524171045, 0.0, 215.28688744130355, 545.3489349766498, 522.281255339467, 506.10984511027243], "ci_95_upper": [534.0035276582693, 212.5430620603102, 461.76945985786244, 791.8315073932088, 768.7638277560259, 752.5924175268314], "member_no": "KTD-71702", "factory": "WRU-01", "n_seasons": 6, "series_length": 72}