{"status": "ok", "order": [0, 0, 0], "seasonal_order": [0, 1, 1, 12], "aic": 2004.249376333418, "n_obs": 180, "forecast_6mo": [699.235571593706, 187.81213109511776, 572.6281162676921, 1143.269807397267, 1071.4718429166048, 1058.2177750532378], "ci_80_lower": [585.3173695559854, 73.89392905739712, 458.70991422997145, 1029.3516053595463, 957.5536408788842, 944.2995730155171], "ci_80_upper": [813.1537736314267, 301.7303331328384, 686.5463183054128, 1257.1880094349876, 1185.3900449543255, 1172.1359770909585], "ci_95_lower": [525.0127161266238, 13.589275628035551, 398.4052608006099, 969.0469519301847, 897.2489874495226, 883.9949195861556], "ci_95_upper": [873.4584270607883, 362.03498656219995, 746.8509717347744, 1317.492662864349, 1245.694698383687, 1232.44063052032], "member_no": "KTD-19457", "factory": "WRU-01", "n_seasons": 15, "series_length": 180}