{"status": "ok", "order": [0, 0, 1], "seasonal_order": [0, 1, 1, 12], "aic": 1615.6167767859056, "n_obs": 180, "forecast_6mo": [205.98146425819726, 32.118546334220646, 192.8162614883976, 362.9438498485418, 346.15714795877795, 335.16292887570864], "ci_80_lower": [170.3113114411526, 0.0, 155.94927072432327, 326.07685908446746, 309.2901571947036, 298.2959381116343], "ci_80_upper": [241.65161707524192, 68.985537098295, 229.68325225247193, 399.8108406126161, 383.0241387228523, 372.029919639783], "ci_95_lower": [151.42867315397197, 0.0, 136.4330646989261, 306.56065305907026, 289.77395116930643, 278.7797320862371], "ci_95_upper": [260.5342553624225, 88.50174312369217, 249.1994582778691, 419.3270466380133, 402.5403447482495, 391.54612566518017], "member_no": "KTD-50214", "factory": "WRU-01", "n_seasons": 15, "series_length": 180}