{"status": "ok", "order": [1, 0, 0], "seasonal_order": [2, 1, 0, 12], "aic": 1968.6169970413298, "n_obs": 180, "forecast_6mo": [604.1055055176502, 125.61034432148021, 565.92702225485, 936.839072523541, 949.0469579011686, 925.0609573457082], "ci_80_lower": [499.4929427845449, 19.865257436577167, 460.1574163368061, 831.0689329143441, 843.2768066740891, 819.2908058657192], "ci_80_upper": [708.7180682507554, 231.35543120638326, 671.696628172894, 1042.6092121327379, 1054.8171091282481, 1030.8311088256971], "ci_95_lower": [444.11439723930937, 0.0, 404.1663691278993, 775.0776031864068, 787.2854707960162, 763.2994698537641], "ci_95_upper": [764.096613795991, 287.3334988231832, 727.6876753818008, 1098.600541860675, 1110.808445006321, 1086.8224448376523], "member_no": "KTD-32735", "factory": "WRU-01", "n_seasons": 15, "series_length": 180}