{"status": "ok", "order": [2, 0, 1], "seasonal_order": [2, 1, 0, 12], "aic": 1366.4606080730164, "n_obs": 132, "forecast_6mo": [504.25854557457615, 126.80339162191899, 452.00909315801937, 814.76602523224, 837.7732648626429, 760.4680317368488], "ci_80_lower": [419.5977202656397, 40.45912377396387, 365.511925590186, 727.5760926968073, 749.8602847043353, 672.0029561968578], "ci_80_upper": [588.9193708835126, 213.1476594698741, 538.5062607258527, 901.9559577676728, 925.6862450209505, 848.9331072768399], "ci_95_lower": [374.7809865218204, 0.0, 319.7230909746922, 681.4205304598115, 703.3219641764741, 625.1723740281279], "ci_95_upper": [633.7361046273319, 258.85555386289457, 584.2950953413465, 948.1115200046686, 972.2245655488117, 895.7636894455698], "member_no": "KTD-31899", "factory": "WRU-01", "n_seasons": 11, "series_length": 132}