{"status": "ok", "order": [1, 0, 0], "seasonal_order": [0, 1, 1, 12], "aic": 1829.579060439345, "n_obs": 180, "forecast_6mo": [473.7181607192549, 129.06138138782083, 419.55518277882766, 784.6328394101072, 758.9142188123706, 677.7502938131219], "ci_80_lower": [406.1062851253143, 60.911190456944354, 351.3964178963061, 716.4739374256756, 690.7553146354709, 609.5913896011613], "ci_80_upper": [541.3300363131955, 197.2115723186973, 487.7139476613492, 852.7917413945388, 827.0731229892702, 745.9091980250824], "ci_95_lower": [370.3147201912784, 24.834658597088477, 315.31534726061614, 680.3927942126186, 654.6741702617912, 573.5102452089214], "ci_95_upper": [577.1216012472314, 233.28810417855317, 523.7950182970392, 888.8728846075958, 863.1542673629499, 781.9903424173223], "member_no": "KTD-37566", "factory": "WRU-01", "n_seasons": 15, "series_length": 180}