{"status": "ok", "order": [0, 0, 0], "seasonal_order": [0, 1, 1, 12], "aic": 1966.847413111608, "n_obs": 180, "forecast_6mo": [676.8420709311582, 147.90718638815264, 610.2229660731878, 1124.0229222213854, 1090.7134258066026, 1008.657184350935], "ci_80_lower": [575.0027166294227, 46.0678320864171, 508.38361177145225, 1022.1835679196499, 988.8740715048671, 906.8178300491995], "ci_80_upper": [778.6814252328937, 249.74654068988818, 712.0623203749233, 1225.862276523121, 1192.552780108338, 1110.4965386526706], "ci_95_lower": [521.09221894967, 0.0, 454.47311409169964, 968.2730702398974, 934.9635738251145, 852.907332369447], "ci_95_upper": [832.5919229126464, 303.65703836964076, 765.9728180546758, 1279.7727742028735, 1246.4632777880906, 1164.407036332423], "member_no": "KTD-54280", "factory": "WRU-01", "n_seasons": 15, "series_length": 180}