{"status": "ok", "order": [0, 0, 1], "seasonal_order": [2, 1, 0, 12], "aic": 1949.4135429440366, "n_obs": 180, "forecast_6mo": [537.381851199779, 112.33317366764634, 461.4831910463805, 868.1086483756714, 893.8558285776959, 750.7729327765292], "ci_80_lower": [438.9171703409571, 12.574402794878281, 361.72442017361243, 768.3498775029033, 794.0970577049278, 651.0141619037611], "ci_80_upper": [635.8465320586009, 212.09194454041437, 561.2419619191486, 967.8674192484394, 993.614599450464, 850.5317036492972], "ci_95_lower": [386.79311687092604, 0.0, 308.9153168309405, 715.5407741602314, 741.287954362256, 598.2050585610891], "ci_95_upper": [687.970585528632, 264.90104788308633, 614.0510652618204, 1020.6765225911113, 1046.4237027931358, 903.3408069919692], "member_no": "KTD-97219", "factory": "WRU-01", "n_seasons": 15, "series_length": 180}