{"status": "ok", "order": [0, 0, 1], "seasonal_order": [1, 0, 0, 12], "aic": 2402.3435743283057, "n_obs": 180, "forecast_6mo": [960.1027830840558, 306.58022594083087, 891.0380609636479, 1531.8346289617423, 1511.5780058695077, 1416.5346537715686], "ci_80_lower": [732.0503004430673, 74.04401363894678, 658.5018486617638, 1299.2984166598583, 1279.0417935676237, 1183.9984414696846], "ci_80_upper": [1188.1552657250443, 539.1164382427149, 1123.574273265532, 1764.3708412636263, 1744.1142181713917, 1649.0708660734526], "ci_95_lower": [611.3266085012252, 0.0, 535.4046136123707, 1176.201181610465, 1155.9445585182305, 1060.9012064202914], "ci_95_upper": [1308.8789576668864, 662.2136732921082, 1246.6715083149252, 1887.4680763130195, 1867.211453220785, 1772.1681011228459], "member_no": "KTD-24737", "factory": "WRU-01", "n_seasons": 15, "series_length": 180}