{"status": "ok", "order": [0, 0, 0], "seasonal_order": [0, 1, 1, 12], "aic": 1773.6168168730728, "n_obs": 180, "forecast_6mo": [362.7914564894648, 112.072281829159, 319.0825963855672, 586.3302483442403, 536.1506060381404, 529.8006247543935], "ci_80_lower": [305.5030744644782, 54.78389980417237, 261.79421436058055, 529.0418663192537, 478.86222401315376, 472.5122427294069], "ci_80_upper": [420.0798385144514, 169.36066385414563, 376.3709784105538, 643.6186303692269, 593.438988063127, 587.0890067793802], "ci_95_lower": [275.1764369144776, 24.457262254171837, 231.46757681058, 498.71522876925314, 448.5355864631532, 442.18560517940637], "ci_95_upper": [450.40647606445197, 199.68730140414615, 406.69761596055434, 673.9452679192275, 623.7656256131276, 617.4156443293807], "member_no": "KTD-44131", "factory": "WRU-01", "n_seasons": 15, "series_length": 180}