{"status": "ok", "order": [0, 0, 2], "seasonal_order": [1, 1, 2, 12], "aic": 1877.266813201593, "n_obs": 180, "forecast_6mo": [557.7142237323694, 160.99752375687075, 499.5872177864105, 914.0725049789722, 861.3763875230748, 819.4133399932884], "ci_80_lower": [482.28081576563596, 84.63637825994141, 421.925290841032, 836.4105780335977, 783.7144605777013, 741.751413047915], "ci_80_upper": [633.1476316991029, 237.3586692538001, 577.2491447317891, 991.7344319243467, 939.0383144684482, 897.0752669386619], "ci_95_lower": [442.34878170032266, 44.21322961213717, 380.813550089131, 795.298837281699, 742.602719825803, 700.6396722960167], "ci_95_upper": [673.0796657644162, 277.7818179016043, 618.36088548369, 1032.8461726762455, 980.1500552203465, 938.1870076905602], "member_no": "KTD-25119", "factory": "WRU-01", "n_seasons": 15, "series_length": 180}