{"status": "ok", "order": [0, 0, 0], "seasonal_order": [1, 1, 1, 12], "aic": 1999.7752318081534, "n_obs": 180, "forecast_6mo": [822.3022372919208, 244.907342298479, 735.3076316859198, 1288.049154164165, 1167.6296786719788, 1153.3930396881497], "ci_80_lower": [710.4152651496487, 133.02037015620684, 623.4206595436476, 1176.162182021893, 1055.7427065297065, 1041.5060675458776], "ci_80_upper": [934.189209434193, 356.7943144407511, 847.1946038281919, 1399.936126306437, 1279.516650814251, 1265.2800118304217], "ci_95_lower": [651.1858798748865, 73.79098488144464, 564.1912742688854, 1116.9327967471306, 996.5133212549445, 982.2766822711153], "ci_95_upper": [993.4185947089552, 416.0236997155133, 906.4239891029541, 1459.1655115811993, 1338.7460360890132, 1324.509397105184], "member_no": "KTD-35429", "factory": "WRU-01", "n_seasons": 15, "series_length": 180}