{"status": "ok", "order": [0, 0, 2], "seasonal_order": [0, 1, 1, 12], "aic": 2095.207320123225, "n_obs": 180, "forecast_6mo": [998.316493518788, 311.2708375565985, 909.4836283432867, 1641.1835197801377, 1608.476658845814, 1556.4748498053746], "ci_80_lower": [851.1915752682243, 163.51950936373683, 759.8335722128403, 1491.5334636497216, 1458.8266027154311, 1406.8247936749917], "ci_80_upper": [1145.4414117693518, 459.0221657494602, 1059.133684473733, 1790.8335759105537, 1758.1267149761968, 1706.1249059357574], "ci_95_lower": [773.3083481173463, 85.30468081993598, 680.6136178139564, 1412.3135092508537, 1379.606648316581, 1327.6048392761415], "ci_95_upper": [1223.3246389202295, 537.236994293261, 1138.353638872617, 1870.0535303094216, 1837.346669375047, 1785.3448603346076], "member_no": "KTD-21346", "factory": "WRU-01", "n_seasons": 15, "series_length": 180}