{"status": "ok", "order": [1, 0, 0], "seasonal_order": [0, 1, 1, 12], "aic": 1852.9555822453835, "n_obs": 180, "forecast_6mo": [541.2567114582945, 127.13256823169905, 477.51557165074394, 934.2595378471835, 840.141291194813, 772.6856031684607], "ci_80_lower": [468.8393559377242, 54.07361191174198, 404.44523799673686, 861.1890015524631, 767.0707512905954, 699.6150631999495], "ci_80_upper": [613.6740669788649, 200.19152455165613, 550.585905304751, 1007.330074141904, 913.2118310990306, 845.7561431369719], "ci_95_lower": [430.5039235939727, 15.39853662107835, 365.76413990923686, 822.5077961934492, 728.389544020829, 660.9338558961483], "ci_95_upper": [652.0094993226163, 238.86659984231977, 589.267003392251, 1046.011279500918, 951.893038368797, 884.4373504407731], "member_no": "KTD-21538", "factory": "WRU-01", "n_seasons": 15, "series_length": 180}