{"status": "ok", "order": [0, 0, 1], "seasonal_order": [1, 0, 0, 12], "aic": 2109.4465389072834, "n_obs": 180, "forecast_6mo": [417.595148780959, 114.11388409577067, 438.3791777463571, 756.0419948127187, 612.740355146658, 610.1365615641469], "ci_80_lower": [312.78718121393194, 8.304323700894074, 332.5696173514805, 650.2324344178421, 506.9307947517814, 504.32700116927026], "ci_80_upper": [522.403116347986, 219.92344449064728, 544.1887381412337, 861.8515552075953, 718.5499155415346, 715.9461219590235], "ci_95_lower": [257.3051945980221, 0.0, 276.55741952015126, 594.2202365865129, 450.91859692045216, 448.31480333794104], "ci_95_upper": [577.8851029638959, 275.93564232197645, 600.2009359725629, 917.8637530389245, 774.5621133728638, 771.9583197903527], "member_no": "KTD-95420", "factory": "WRU-01", "n_seasons": 15, "series_length": 180}