{"status": "ok", "order": [0, 0, 0], "seasonal_order": [1, 0, 2, 12], "aic": 2013.8623919520542, "n_obs": 180, "forecast_6mo": [382.9145106957289, 101.635689311775, 349.12640334793696, 651.2119871804231, 656.5347831882506, 598.1920897595186], "ci_80_lower": [314.8136511211575, 33.534829737203594, 281.02554377336554, 583.1111276058517, 588.4339236136792, 530.0912301849472], "ci_80_upper": [451.0153702703003, 169.73654888634638, 417.2272629225084, 719.3128467549944, 724.6356427628219, 666.2929493340899], "ci_95_lower": [278.763233703875, 0.0, 244.97512635608308, 547.0607101885693, 552.3835061963968, 494.0408127676647], "ci_95_upper": [487.06578768758277, 205.78696630362884, 453.27768033979083, 755.3632641722769, 760.6860601801044, 702.3433667513724], "member_no": "KTD-80634", "factory": "WRU-01", "n_seasons": 15, "series_length": 180}