{"status": "ok", "order": [0, 0, 1], "seasonal_order": [1, 0, 0, 12], "aic": 1799.9219831426306, "n_obs": 180, "forecast_6mo": [172.00515515822232, 49.973293282785775, 171.65808241637876, 254.94080460889188, 247.99275337749847, 275.97274347148823], "ci_80_lower": [130.100734331829, 6.730457232458292, 128.4152463660513, 211.6979685585644, 204.74991732717098, 232.72990742116076], "ci_80_upper": [213.90957598461566, 93.21612933311326, 214.90091846670623, 298.18364065921935, 291.23558942782597, 319.2155795218157], "ci_95_lower": [107.91787391188468, 0.0, 105.52387172467286, 188.80659391718598, 181.85854268579257, 209.83853277978233], "ci_95_upper": [236.09243640455998, 116.10750397449168, 237.79229310808466, 321.0750153005978, 314.1269640692044, 342.10695416319413], "member_no": "KTD-12420", "factory": "WRU-01", "n_seasons": 15, "series_length": 180}