{"status": "ok", "order": [1, 0, 0], "seasonal_order": [1, 1, 2, 12], "aic": 1655.9872989712949, "n_obs": 180, "forecast_6mo": [290.4711230646819, 91.77088075038708, 276.1672748606544, 482.3630090109444, 453.3742091142294, 430.5796557048696], "ci_80_lower": [250.89833062621648, 51.8383686082348, 236.2282147884776, 442.4238292085679, 413.435027122383, 390.64047367298497], "ci_80_upper": [330.0439155031473, 131.70339289253934, 316.1063349328312, 522.3021888133209, 493.3133911060758, 470.5188377367542], "ci_95_lower": [229.94975971703445, 30.69937359057389, 215.08575350604295, 421.28130454479407, 392.2925012995739, 369.4979478289809], "ci_95_upper": [350.9924864123293, 152.84238791020027, 337.2487962152659, 543.4447134770946, 514.4559169288849, 491.6613635807583], "member_no": "KTD-23202", "factory": "WRU-01", "n_seasons": 15, "series_length": 180}