{"status": "ok", "order": [0, 0, 1], "seasonal_order": [0, 1, 1, 12], "aic": 1790.4235142162736, "n_obs": 180, "forecast_6mo": [370.6542827784472, 118.44489266603324, 356.7554934393039, 631.8537098813251, 624.5515303180345, 564.6674041173176], "ci_80_lower": [310.34903054000546, 57.515470839494746, 295.8260716127654, 570.9242880547866, 563.622108491496, 503.7379822907791], "ci_80_upper": [430.959535016889, 179.37431449257173, 417.6849152658424, 692.7831317078636, 685.4809521445729, 625.5968259438561], "ci_95_lower": [278.4253583685883, 25.2613832470296, 263.5719840203003, 538.6702004623215, 531.3680208990309, 471.483894698314], "ci_95_upper": [462.88320718830613, 211.6284020850369, 449.9390028583075, 725.0372193003287, 717.735039737038, 657.8509135363212], "member_no": "KTD-71875", "factory": "WRU-01", "n_seasons": 15, "series_length": 180}