{"status": "ok", "order": [0, 0, 0], "seasonal_order": [0, 1, 1, 12], "aic": 612.9189381857528, "n_obs": 60, "forecast_6mo": [1029.6758141735293, 196.00827187255032, 846.9089921818469, 1627.8805220794818, 1613.1089097641657, 1459.6384726401764], "ci_80_lower": [864.5307309246297, 30.863188623650757, 681.7639089329473, 1462.7354388305823, 1447.9638265152662, 1294.4933893912769], "ci_80_upper": [1194.8208974224287, 361.15335512144986, 1012.0540754307465, 1793.0256053283813, 1778.2539930130652, 1624.7835558890758], "ci_95_lower": [777.1082046492385, 0.0, 594.3413826575561, 1375.3129125551911, 1360.541300239875, 1207.0708631158857], "ci_95_upper": [1282.24342369782, 448.57588139684105, 1099.4766017061377, 1880.4481316037725, 1865.6765192884563, 1712.206082164467], "member_no": "KTD-65554", "factory": "WRU-01", "n_seasons": 5, "series_length": 60}