{"status": "ok", "order": [3, 0, 0], "seasonal_order": [2, 1, 0, 12], "aic": 2053.609625267759, "n_obs": 180, "forecast_6mo": [668.1486276894741, 265.7661613004383, 781.7217795744749, 1333.239077581449, 1343.8918281170377, 1231.5179450428916], "ci_80_lower": [537.0149538791404, 131.20237932679385, 644.4621935627399, 1195.9529945155084, 1206.124738226846, 1093.7425616529756], "ci_80_upper": [799.2823014998078, 400.3299432740827, 918.9813655862099, 1470.5251606473896, 1481.6589180072294, 1369.2933284328076], "ci_95_lower": [467.5969801875207, 59.968616057094266, 571.8013578382215, 1123.2781320977822, 1133.1952461773774, 1020.8086792899517], "ci_95_upper": [868.7002751914274, 471.5637065437823, 991.6422013107283, 1543.2000230651158, 1554.588410056698, 1442.2272107958315], "member_no": "KTD-92197", "factory": "WRU-01", "n_seasons": 15, "series_length": 180}