{"status": "ok", "order": [0, 0, 0], "seasonal_order": [0, 1, 1, 12], "aic": 1980.6642531281398, "n_obs": 180, "forecast_6mo": [673.190106785866, 178.36698252932098, 585.818899273234, 1066.5418234925144, 1038.2300567988282, 960.1883539810214], "ci_80_lower": [567.0023312956986, 72.17920703915355, 479.6311237830666, 960.354048002347, 932.0422813086608, 854.000578490854], "ci_80_upper": [779.3778822760333, 284.5547580194884, 692.0066747634014, 1172.7295989826819, 1144.4178322889957, 1066.3761294711887], "ci_95_lower": [510.7899184869971, 15.966794230452138, 423.4187109743652, 904.1416351936455, 875.8298684999593, 797.7881656821526], "ci_95_upper": [835.5902950847349, 340.7671708281898, 748.2190875721028, 1228.9420117913833, 1200.630245097697, 1122.5885422798901], "member_no": "KTD-53197", "factory": "WRU-01", "n_seasons": 15, "series_length": 180}