{"status": "ok", "order": [0, 0, 1], "seasonal_order": [1, 0, 0, 12], "aic": 2214.1770638520616, "n_obs": 180, "forecast_6mo": [535.7054956751907, 136.14154854304223, 486.04902420285225, 906.0143523270104, 953.2604517409783, 956.9828716948061], "ci_80_lower": [405.2508705690294, 3.7768334869249145, 353.6843091467349, 773.6496372708931, 820.8957366848609, 824.6181566386888], "ci_80_upper": [666.160120781352, 268.5062635991595, 618.4137392589696, 1038.3790673831277, 1085.6251667970955, 1089.3475867509235], "ci_95_lower": [336.1923635476544, 0.0, 283.61466158424724, 703.5799897084055, 750.8260891223733, 754.5485090762011], "ci_95_upper": [735.218627802727, 338.57591116164724, 688.4833868214573, 1108.4487149456154, 1155.6948143595832, 1159.4172343134112], "member_no": "KTD-48060", "factory": "WRU-01", "n_seasons": 15, "series_length": 180}