{"status": "ok", "order": [1, 0, 0], "seasonal_order": [1, 1, 1, 12], "aic": 1748.988964647148, "n_obs": 180, "forecast_6mo": [319.8472558244776, 74.62295535885659, 282.376471031084, 528.7182905660912, 508.9964274872534, 482.2697769590073], "ci_80_lower": [267.2506359386319, 21.635566654664665, 229.3832735999953, 475.7250064695462, 456.00314209760006, 429.27649155005986], "ci_80_upper": [372.4438757103233, 127.6103440630485, 335.3696684621727, 581.7115746626363, 561.9897128769068, 535.2630623679547], "ci_95_lower": [239.40766723797122, 0.0, 201.3303694281285, 447.67205641975806, 427.95019136328176, 401.2235408055279], "ci_95_upper": [400.286844410984, 155.66017328064015, 363.4225726340395, 609.7645247124244, 590.0426636112251, 563.3160131124868], "member_no": "KTD-88409", "factory": "WRU-01", "n_seasons": 15, "series_length": 180}