{"status": "ok", "order": [0, 0, 1], "seasonal_order": [1, 0, 0, 12], "aic": 1831.1196654332466, "n_obs": 180, "forecast_6mo": [178.1037153432992, 45.52637914402347, 156.75193146704316, 310.89655996638743, 270.27672001379455, 256.8645087086931], "ci_80_lower": [132.95628140087814, 0.0, 110.67525226208716, 264.8198807614314, 224.20004080883854, 210.7878295037371], "ci_80_upper": [223.25114928572026, 91.60305834897947, 202.82861067199917, 356.97323917134344, 316.35339921875055, 302.9411879136491], "ci_95_lower": [109.0566735382015, 0.0, 86.28373167163157, 240.42836017097585, 199.80852021838297, 186.39630891328153], "ci_95_upper": [247.1507571483969, 115.99457893943506, 227.22013126245474, 381.364759761799, 340.7449198092061, 327.3327085041047], "member_no": "KTD-70968", "factory": "WRU-01", "n_seasons": 15, "series_length": 180}