{"status": "ok", "order": [0, 0, 1], "seasonal_order": [1, 0, 1, 12], "aic": 1875.6319070081272, "n_obs": 180, "forecast_6mo": [254.8962360831548, 62.455628916472165, 219.75880324282832, 410.90698763269, 411.799477770795, 376.2235881011856], "ci_80_lower": [208.10890535178265, 15.070683013996657, 172.3738573403528, 363.5220417302145, 364.4145318683195, 328.8386421987101], "ci_80_upper": [301.68356681452696, 109.84057481894767, 267.14374914530384, 458.2919335351655, 459.18442367327054, 423.60853400366113], "ci_95_lower": [183.3411885675407, 0.0, 147.2897821942963, 338.43796658415795, 339.33045672226297, 303.75456705265356], "ci_95_upper": [326.4512835987689, 134.9246499650042, 292.2278242913603, 483.37600868122206, 484.2684988193271, 448.69260914971767], "member_no": "KTD-38759", "factory": "WRU-01", "n_seasons": 15, "series_length": 180}