{"status": "ok", "order": [1, 0, 0], "seasonal_order": [0, 1, 1, 12], "aic": 2227.759245628058, "n_obs": 180, "forecast_6mo": [1449.1199304083993, 425.3428198232383, 1303.4130075444837, 2342.814374997319, 2223.4838873106246, 2148.2556537557916], "ci_80_lower": [1232.0126930983479, 200.55363463610752, 1078.0800438370397, 2117.442253226702, 1998.108942334956, 1922.880505217583], "ci_80_upper": [1666.2271677184508, 650.1320050103691, 1528.7459712519276, 2568.186496767936, 2448.8588322862934, 2373.630802294], "ci_95_lower": [1117.083064041759, 81.55742801681862, 958.7959782573454, 1998.13745862051, 1878.8026532142867, 1803.5741083374141], "ci_95_upper": [1781.1567967750398, 769.1282116296579, 1648.030036831622, 2687.491291374128, 2568.1651214069625, 2492.937199174169], "member_no": "KTD-61688", "factory": "WRU-01", "n_seasons": 15, "series_length": 180}