{"status": "ok", "order": [0, 0, 0], "seasonal_order": [0, 1, 1, 12], "aic": 1936.5294065105538, "n_obs": 180, "forecast_6mo": [632.1261609380103, 193.69586338531863, 560.50801615629, 1028.8209516344918, 955.9088987672259, 908.8241422933755], "ci_80_lower": [538.2874742393692, 99.8571766866775, 466.6693294576488, 934.9822649358507, 862.0702120685847, 814.9854555947344], "ci_80_upper": [725.9648476366515, 287.53455008395974, 654.3467028549311, 1122.659638333133, 1049.747585465867, 1002.6628289920167], "ci_95_lower": [488.6122741536602, 50.18197660096851, 416.99412937193983, 885.3070648501417, 812.3950119828758, 765.3102555090254], "ci_95_upper": [775.6400477223605, 337.2097501696687, 704.0219029406401, 1172.334838418842, 1099.422785551576, 1052.3380290777257], "member_no": "KTD-83009", "factory": "WRU-01", "n_seasons": 15, "series_length": 180}