{"status": "ok", "order": [0, 0, 0], "seasonal_order": [2, 1, 0, 12], "aic": 1834.3230427276167, "n_obs": 180, "forecast_6mo": [366.91894851386064, 77.7479964161804, 318.99471978341177, 632.353485194367, 634.1081133297627, 544.3434366830796], "ci_80_lower": [296.294221130168, 7.123269032487755, 248.36999239971914, 561.7287578106743, 563.48338594607, 473.718709299387], "ci_80_upper": [437.54367589755327, 148.37272379987303, 389.6194471671044, 702.9782125780596, 704.7328407134553, 614.9681640667723], "ci_95_lower": [258.90774879972787, 0.0, 210.98352006927902, 524.3422854802342, 526.0969136156299, 436.33223696894686], "ci_95_upper": [474.9301482279934, 185.75919613031314, 427.0059194975445, 740.3646849084997, 742.1193130438954, 652.3546363972124], "member_no": "KTD-29859", "factory": "WRU-01", "n_seasons": 15, "series_length": 180}