{"status": "ok", "order": [3, 1, 0], "seasonal_order": [1, 0, 1, 12], "aic": 1810.7896581096988, "n_obs": 180, "forecast_6mo": [193.0579467484408, 26.067686394975283, 175.80240181010396, 301.734238351372, 294.87103748585844, 276.84935961178036], "ci_80_lower": [151.6062999832834, 0.0, 127.23926802728363, 251.21506333584966, 239.5133139598382, 217.97403393435604], "ci_80_upper": [234.5095935135982, 72.11774445786125, 224.3655355929243, 352.2534133668944, 350.22876101187865, 335.7246852892047], "ci_95_lower": [129.6631236731322, 0.0, 101.53149789194575, 224.47182751968427, 210.20870528308188, 186.8073191599933], "ci_95_upper": [256.4527698237494, 96.49517266696152, 250.07330572826217, 378.9966491830598, 379.533369688635, 366.8914000635674], "member_no": "KTD-32852", "factory": "WRU-01", "n_seasons": 15, "series_length": 180}