{"status": "ok", "order": [1, 0, 2], "seasonal_order": [1, 0, 1, 12], "aic": 1508.9510736532197, "n_obs": 180, "forecast_6mo": [93.92860759769897, 23.3115318196935, 83.076988383003, 160.39383665180554, 151.8512547505533, 140.27841193672532], "ci_80_lower": [76.78764004307003, 6.005179968776201, 65.76916818545097, 143.0845575687056, 134.5405261864216, 122.96624323988829], "ci_80_upper": [111.06957515232791, 40.617883670610794, 100.38480858055503, 177.70311573490548, 169.161983314685, 157.59058063356235], "ci_95_lower": [67.71375993141274, 0.0, 56.60696162002892, 133.92157871592485, 125.37678002473226, 113.80173471799546], "ci_95_upper": [120.1434552639852, 49.77931294027732, 109.54701514597707, 186.86609458768623, 178.32572947637433, 166.75508915545518], "member_no": "KTD-82086", "factory": "WRU-01", "n_seasons": 15, "series_length": 180}