{"status": "ok", "order": [2, 0, 2], "seasonal_order": [0, 1, 1, 12], "aic": 1628.2221083077288, "n_obs": 180, "forecast_6mo": [258.30670761972016, 96.49129321612656, 262.39365447100755, 421.442680792965, 408.0460793772136, 396.3189318190078], "ci_80_lower": [221.7097160256464, 59.43937177083388, 225.17252545996553, 384.0283104272602, 370.3922121030496, 358.61827169267883], "ci_80_upper": [294.9036992137939, 133.54321466141926, 299.6147834820496, 458.85705115866983, 445.69994665137756, 434.01959194533674], "ci_95_lower": [202.33643892716213, 39.825269356274624, 205.46884997079997, 364.2223391441591, 350.4594588149336, 338.6607477649082], "ci_95_upper": [314.2769763122782, 153.1573170759785, 319.31845897121514, 478.6630224417709, 465.63269993949353, 453.9771158731074], "member_no": "KTD-49115", "factory": "WRU-01", "n_seasons": 15, "series_length": 180}