{"status": "ok", "order": [1, 0, 0], "seasonal_order": [2, 1, 0, 12], "aic": 1681.2286360700673, "n_obs": 180, "forecast_6mo": [254.65115515176313, 66.07084682193735, 215.1186840478852, 412.569916314215, 380.4466036871686, 373.3712528977476], "ci_80_lower": [210.42173061604143, 20.834018082383743, 169.83598188557343, 367.2851017749945, 335.1616918281395, 328.0863365549706], "ci_80_upper": [298.88057968748484, 111.30767556149095, 260.40138621019696, 457.8547308534355, 425.73151554619767, 418.65616924052455], "ci_95_lower": [187.00808757835006, 0.0, 145.86476735271938, 343.3127690173518, 311.18930755250216, 304.1139499057805], "ci_95_upper": [322.2942227251762, 135.25460617121803, 284.37260074305107, 481.8270636110782, 449.703899821835, 442.6285558897147], "member_no": "KTD-65202", "factory": "WRU-01", "n_seasons": 15, "series_length": 180}