{"status": "ok", "order": [0, 0, 1], "seasonal_order": [0, 1, 1, 12], "aic": 1899.1209949254321, "n_obs": 180, "forecast_6mo": [569.3772289246599, 159.55206880550693, 524.0115334333981, 972.2576183731543, 871.4138359219122, 853.1735757051719], "ci_80_lower": [485.9017258105782, 75.27121473881132, 439.7306793667026, 887.9767643064588, 787.1329818552167, 768.8927216384764], "ci_80_upper": [652.8527320387416, 243.83292287220254, 608.2923875000936, 1056.5384724398498, 955.6946899886077, 937.4544297718674], "ci_95_lower": [441.71246373401004, 30.65562562040381, 395.11509024829513, 843.3611751880512, 742.5173927368093, 724.2771325200689], "ci_95_upper": [697.0419941153098, 288.4485119906101, 652.907976618501, 1101.1540615582574, 1000.3102791070152, 982.0700188902748], "member_no": "KTD-92433", "factory": "WRU-01", "n_seasons": 15, "series_length": 180}