{"status": "ok", "order": [0, 0, 2], "seasonal_order": [0, 1, 1, 12], "aic": 2021.5410336262946, "n_obs": 180, "forecast_6mo": [735.770659589421, 220.56534950852284, 657.2948301804073, 1169.449825446215, 1083.3009940299914, 1033.402509493727], "ci_80_lower": [616.3062278125897, 98.88307253098655, 534.4107951310358, 1046.565790396857, 960.4169589806347, 910.5184744443702], "ci_80_upper": [855.2350913662524, 342.2476264860591, 780.1788652297788, 1292.3338604955732, 1206.1850290793482, 1156.2865445430837], "ci_95_lower": [553.0655777095275, 34.468366098065985, 469.35991640315603, 981.5149116689843, 895.3660802527628, 845.4675957164983], "ci_95_upper": [918.4757414693146, 406.6623329189797, 845.2297439576586, 1357.3847392234459, 1271.2359078072202, 1221.3374232709557], "member_no": "KTD-20493", "factory": "WRU-01", "n_seasons": 15, "series_length": 180}