{"status": "ok", "order": [0, 0, 1], "seasonal_order": [1, 0, 0, 12], "aic": 2274.9636274884206, "n_obs": 180, "forecast_6mo": [832.3998916532181, 231.7662280458983, 650.2507597854886, 995.2102681150849, 979.362769334986, 849.6344072281292], "ci_80_lower": [676.6985559224574, 75.47687806702902, 493.9614098066194, 838.9209181362156, 823.0734193561167, 693.34505724926], "ci_80_upper": [988.1012273839788, 388.05557802476756, 806.5401097643579, 1151.4996180939543, 1135.6521193138553, 1005.9237572069985], "ci_95_lower": [594.2752476031851, 0.0, 411.22682554716005, 756.1863338767563, 740.3388350966574, 610.6104729898007], "ci_95_upper": [1070.524535703251, 470.7901622842269, 889.2746940238172, 1234.2342023534134, 1218.3867035733147, 1088.6583414664578], "member_no": "KTD-46798", "factory": "WRU-01", "n_seasons": 15, "series_length": 180}