{"status": "ok", "order": [0, 0, 0], "seasonal_order": [0, 1, 1, 12], "aic": 1638.4761741831558, "n_obs": 180, "forecast_6mo": [278.17798720220367, 79.79265008346997, 244.95968861225313, 478.4366710172194, 449.40230106695, 412.49360315121055], "ci_80_lower": [240.0780065690626, 41.69266945032891, 206.85970797911207, 440.33669038407834, 411.3023204338089, 374.3936225180695], "ci_80_upper": [316.2779678353447, 117.89263071661102, 283.05966924539416, 516.5366516503605, 487.50228170009103, 450.5935837843516], "ci_95_lower": [219.90909513394203, 21.52375801520833, 186.6907965439915, 420.1677789489578, 391.1334089986883, 354.22471108294894], "ci_95_upper": [336.4468792704653, 138.0615421517316, 303.22858068051477, 536.705563085481, 507.67119313521164, 470.76249521947216], "member_no": "KTD-66835", "factory": "WRU-01", "n_seasons": 15, "series_length": 180}