{"status": "ok", "order": [0, 0, 0], "seasonal_order": [0, 1, 1, 12], "aic": 1770.477175998723, "n_obs": 180, "forecast_6mo": [379.4375258223992, 95.31288373112197, 341.4197040318325, 609.5588376538163, 571.8390867250241, 544.9015500663862], "ci_80_lower": [322.34669398513233, 38.222051893855095, 284.32887219456563, 552.4680058165495, 514.7482548877572, 487.81071822911935], "ci_80_upper": [436.5283576596661, 152.40371556838886, 398.5105358690994, 666.6496694910832, 628.929918562291, 601.992381903653], "ci_95_lower": [292.1246331875054, 7.999991096228172, 254.10681139693872, 522.2459450189225, 484.52619409013033, 457.58865743149244], "ci_95_upper": [466.750418457293, 182.62577636601577, 428.7325966667263, 696.8717302887102, 659.151979359918, 632.2144427012801], "member_no": "KTD-39723", "factory": "WRU-01", "n_seasons": 15, "series_length": 180}