{"status": "ok", "order": [0, 0, 1], "seasonal_order": [1, 1, 1, 12], "aic": 1684.4431701397275, "n_obs": 180, "forecast_6mo": [249.06001517714822, 52.37423388800721, 215.65331675369347, 435.5671060514622, 413.3826429930357, 361.5872052386021], "ci_80_lower": [205.47906431170819, 7.921256400434238, 171.2003392661205, 391.1141285638892, 368.9296655054627, 317.13422775102913], "ci_80_upper": [292.6409660425883, 96.82721137558019, 260.1062942412664, 480.02008353903517, 457.83562048060867, 406.0401827261751], "ci_95_lower": [182.40870249900888, 0.0, 147.66835444420715, 367.58214374197587, 345.39768068354937, 293.6022429291158], "ci_95_upper": [315.71132785528755, 120.35919619749353, 283.63827906317977, 503.5520683609485, 481.367605302522, 429.57216754808843], "member_no": "KTD-63261", "factory": "WRU-01", "n_seasons": 15, "series_length": 180}