{"status": "ok", "order": [0, 0, 2], "seasonal_order": [1, 1, 0, 12], "aic": 940.6691980012608, "n_obs": 108, "forecast_6mo": [230.1818120002326, 52.04219733121168, 201.10477549987598, 396.4239707939292, 377.0393324812974, 382.2773704839341], "ci_80_lower": [191.69393507093613, 13.422934916601001, 161.7174727807902, 357.0366680748434, 337.6520297622116, 342.89006776484825], "ci_80_upper": [268.66968892952906, 90.66145974582236, 240.49207821896178, 435.81127351301495, 416.42663520038315, 421.6646732030199], "ci_95_lower": [171.3196837402786, 0.0, 140.8670941976966, 336.1862894917498, 316.801651179118, 322.0396891817547], "ci_95_upper": [289.0439402601866, 111.10526235112957, 261.3424568020554, 456.6616520961086, 437.2770137834768, 442.5150517861135], "member_no": "KTD-43126", "factory": "WRU-01", "n_seasons": 9, "series_length": 108}