{"status": "ok", "order": [0, 0, 0], "seasonal_order": [2, 1, 0, 12], "aic": 1947.09563850459, "n_obs": 180, "forecast_6mo": [581.3194150318832, 156.34233253057175, 504.2132867619735, 955.8284561267399, 840.7268371284035, 812.6787645175003], "ci_80_lower": [483.1232904953612, 58.14620799404973, 406.0171622254515, 857.6323315902179, 742.5307125918815, 714.4826399809783], "ci_80_upper": [679.5155395684052, 254.53845706709376, 602.4094112984956, 1054.024580663262, 938.9229616649255, 910.8748890540223], "ci_95_lower": [431.1414021548078, 6.16431965349642, 354.0352738848982, 805.6504432496645, 690.5488242513281, 662.5007516404249], "ci_95_upper": [731.4974279089586, 306.5203454076471, 654.3912996390488, 1106.0064690038153, 990.9048500054789, 962.8567773945757], "member_no": "KTD-48165", "factory": "WRU-01", "n_seasons": 15, "series_length": 180}