{"status": "ok", "order": [0, 0, 0], "seasonal_order": [2, 1, 0, 12], "aic": 523.0052112062532, "n_obs": 72, "forecast_6mo": [123.98520392490468, 28.163877413635237, 117.11910612947445, 190.86674674022345, 195.75334585555598, 185.16105327214325], "ci_80_lower": [102.90577089768843, 7.084444386418976, 96.03967310225818, 169.78731371300717, 174.67391282833972, 164.08162024492697], "ci_80_upper": [145.06463695212094, 49.2433104408515, 138.1985391566907, 211.94617976743973, 216.83277888277223, 206.24048629935953], "ci_95_lower": [91.74699310401505, 0.0, 84.8808953085848, 158.62853591933379, 163.51513503466634, 152.9228424512536], "ci_95_upper": [156.22341474579432, 60.40208823452488, 149.3573169503641, 223.1049575611131, 227.9915566764456, 217.3992640930329], "member_no": "KTD-92536", "factory": "WRU-01", "n_seasons": 6, "series_length": 72}