{"status": "ok", "order": [1, 0, 0], "seasonal_order": [0, 1, 2, 12], "aic": 2163.663544347276, "n_obs": 180, "forecast_6mo": [1180.3141568392375, 284.16794212422076, 1048.8698250532593, 1925.5653321577777, 1869.642173322054, 1701.6140406875002], "ci_80_lower": [1001.5764416247238, 103.8179273950025, 868.4906988689854, 1745.1856779815757, 1689.2625095689318, 1521.2343767606678], "ci_80_upper": [1359.0518720537511, 464.51795685343905, 1229.2489512375332, 2105.9449863339796, 2050.0218370751763, 1881.9937046143325], "ci_95_lower": [906.9584106343985, 8.346396597628086, 773.0037573981931, 1649.6984570087404, 1593.775283526381, 1425.7471506261604], "ci_95_upper": [1453.6699030440764, 559.9894876508134, 1324.7358927083255, 2201.432207306815, 2145.5090631177272, 1977.48093074884], "member_no": "KTD-25606", "factory": "WRU-01", "n_seasons": 15, "series_length": 180}